CREATE DATABASE  IF NOT EXISTS `vnu_route_planner_db_test` /*!40100 DEFAULT CHARACTER SET utf8mb3 COLLATE utf8mb3_unicode_ci */ /*!80016 DEFAULT ENCRYPTION='N' */;
USE `vnu_route_planner_db_test`;
-- MySQL dump 10.13  Distrib 8.0.30, for Win64 (x86_64)
--
-- Host: localhost    Database: vnu_route_planner_db_test
-- ------------------------------------------------------
-- Server version	8.0.30

/*!40101 SET @OLD_CHARACTER_SET_CLIENT=@@CHARACTER_SET_CLIENT */;
/*!40101 SET @OLD_CHARACTER_SET_RESULTS=@@CHARACTER_SET_RESULTS */;
/*!40101 SET @OLD_COLLATION_CONNECTION=@@COLLATION_CONNECTION */;
/*!50503 SET NAMES utf8 */;
/*!40103 SET @OLD_TIME_ZONE=@@TIME_ZONE */;
/*!40103 SET TIME_ZONE='+00:00' */;
/*!40014 SET @OLD_UNIQUE_CHECKS=@@UNIQUE_CHECKS, UNIQUE_CHECKS=0 */;
/*!40014 SET @OLD_FOREIGN_KEY_CHECKS=@@FOREIGN_KEY_CHECKS, FOREIGN_KEY_CHECKS=0 */;
/*!40101 SET @OLD_SQL_MODE=@@SQL_MODE, SQL_MODE='NO_AUTO_VALUE_ON_ZERO' */;
/*!40111 SET @OLD_SQL_NOTES=@@SQL_NOTES, SQL_NOTES=0 */;

--
-- Table structure for table `dangky`
--

DROP TABLE IF EXISTS `dangky`;
/*!40101 SET @saved_cs_client     = @@character_set_client */;
/*!50503 SET character_set_client = utf8mb4 */;
CREATE TABLE `dangky` (
  `MSV` int NOT NULL,
  `Mã_HP` varchar(7) NOT NULL,
  `Mã_LHP` varchar(10) NOT NULL,
  `Nhóm` varchar(2) DEFAULT NULL,
  `ID_ghi_chú` int DEFAULT NULL,
  PRIMARY KEY (`MSV`,`Mã_HP`,`Mã_LHP`),
  KEY `fk_ghi_chu_idx` (`ID_ghi_chú`),
  KEY `dangky_fk_msv` (`MSV`),
  KEY `dangky_fk_hp` (`Mã_HP`),
  KEY `dangky_lopmonhoc_fk` (`Mã_HP`,`Mã_LHP`),
  CONSTRAINT `dangky_fk_hp` FOREIGN KEY (`Mã_HP`) REFERENCES `monhoc` (`Mã_HP`),
  CONSTRAINT `dangky_fk_id` FOREIGN KEY (`ID_ghi_chú`) REFERENCES `ghichu` (`ID_ghi_chú`),
  CONSTRAINT `dangky_fk_msv` FOREIGN KEY (`MSV`) REFERENCES `sinhvien` (`MSV`),
  CONSTRAINT `dangky_lopmonhoc_fk` FOREIGN KEY (`Mã_HP`, `Mã_LHP`) REFERENCES `lopmonhoc` (`Mã_HP`, `Mã_LHP`)
) ENGINE=InnoDB DEFAULT CHARSET=utf8mb3;
/*!40101 SET character_set_client = @saved_cs_client */;

--
-- Dumping data for table `dangky`
--

LOCK TABLES `dangky` WRITE;
/*!40000 ALTER TABLE `dangky` DISABLE KEYS */;
INSERT INTO `dangky` VALUES (21020021,'HIS1001','20','CL',1),(21020021,'INT2204','22','4',1),(21020021,'INT2210','24','2',1),(21020021,'INT2211','24','2',1),(21020021,'INT2212','24','CL',1),(21020021,'JAP4023','1','CL',1),(21020537,'ELT2035','21','CL',1),(21020537,'INT2204','22','1',1),(21020537,'INT2210','24','2',1),(21020537,'INT2211','24','1',1),(21020537,'INT2212','24','CL',1),(21020537,'PES1003','2','CL',2),(21020552,'INT2204','22','4',1),(21020552,'INT2210','24','2',1),(21020552,'INT2211','24','2',1),(21020552,'INT2212','24','CL',1),(21020552,'JAP4023','1','CL',1),(21020552,'MAT1101','10','CL',1),(21020552,'PES1003','1','CL',2);
/*!40000 ALTER TABLE `dangky` ENABLE KEYS */;
UNLOCK TABLES;

--
-- Table structure for table `dijkstra`
--

DROP TABLE IF EXISTS `dijkstra`;
/*!40101 SET @saved_cs_client     = @@character_set_client */;
/*!50503 SET character_set_client = utf8mb4 */;
CREATE TABLE `dijkstra` (
  `id1` int NOT NULL,
  `id2` int NOT NULL,
  `minDistance` double DEFAULT NULL,
  `trackingID` int DEFAULT NULL,
  PRIMARY KEY (`id1`,`id2`)
) ENGINE=InnoDB DEFAULT CHARSET=utf8mb3 COLLATE=utf8mb3_unicode_ci;
/*!40101 SET character_set_client = @saved_cs_client */;

--
-- Dumping data for table `dijkstra`
--

LOCK TABLES `dijkstra` WRITE;
/*!40000 ALTER TABLE `dijkstra` DISABLE KEYS */;
INSERT INTO `dijkstra` VALUES (1,2,9.102,1),(1,3,38.412,2),(1,4,102.15200000000002,96),(1,5,39.032,2),(1,6,89.922,5),(1,7,63.012,3),(1,8,97.922,7),(1,9,114.412,4),(1,10,125.56200000000001,6),(1,11,142.582,10),(1,12,161.562,11),(1,13,186.732,12),(1,14,180.072,15),(1,15,153.052,9),(1,16,254.08200000000002,17),(1,17,231.932,13),(1,18,194.202,15),(1,19,198.172,27),(1,20,230.48200000000003,19),(1,21,278.06199999999995,20),(1,22,260.35200000000003,23),(1,23,235.55200000000002,24),(1,24,221.542,25),(1,25,195.15200000000002,26),(1,26,125.67200000000001,4),(1,27,166.46200000000002,26),(1,28,204.972,27),(1,29,315.67199999999997,21),(1,30,358.282,29),(1,31,340.012,34),(1,32,302.952,33),(1,33,275.42199999999997,25),(1,34,295.492,22),(1,35,292.752,20),(1,36,334.502,35),(1,37,346.042,36),(1,38,356.00399999999996,37),(1,39,368.02399999999994,38),(1,45,379.63499999999993,46),(1,46,368.715,48),(1,47,351.64399999999995,37),(1,48,356.195,47),(1,54,374.1119999999999,36),(1,55,325.40500000000003,29),(1,56,348.48499999999996,55),(1,70,427.5919999999999,30),(1,71,368.3619999999999,30),(1,72,423.0879999999999,73),(1,73,392.05799999999994,74),(1,74,354.05800000000005,75),(1,75,344.992,33),(1,76,387.1219999999999,75),(1,77,309.43199999999996,33),(1,78,349.112,77),(1,79,306.662,80),(1,80,269.12199999999996,82),(1,81,323.18199999999996,80),(1,82,229.792,25),(1,83,266.832,82),(1,84,307.272,83),(1,85,324.022,79),(1,87,427.0919999999999,78),(1,92,318.612,32),(1,93,258.192,24),(1,96,74.50200000000001,3),(1,107,123.90200000000002,8),(1,110,222.482,28),(1,111,214.972,28),(1,113,277.06199999999995,22),(1,115,259.93800000000005,93),(1,129,435.665,136),(1,136,420.055,48),(2,1,9.102,2),(2,3,29.31,2),(2,4,93.05000000000001,96),(2,5,29.93,2),(2,6,80.82,5),(2,7,53.91,3),(2,8,88.82,7),(2,9,105.31,4),(2,10,116.46000000000001,6),(2,11,133.48,10),(2,12,152.46,11),(2,13,177.63,12),(2,14,170.97,15),(2,15,143.95,9),(2,16,244.98000000000002,17),(2,17,222.82999999999998,13),(2,18,185.1,15),(2,19,189.07,27),(2,20,221.38000000000002,19),(2,21,268.96,20),(2,22,251.25000000000003,23),(2,23,226.45000000000002,24),(2,24,212.44,25),(2,25,186.05,26),(2,26,116.57000000000001,4),(2,27,157.36,26),(2,28,195.87,27),(2,29,306.57,21),(2,30,349.18,29),(2,31,330.91,34),(2,32,293.85,33),(2,33,266.32,25),(2,34,286.39000000000004,22),(2,35,283.65000000000003,20),(2,36,325.40000000000003,35),(2,37,336.94,36),(2,38,346.902,37),(2,39,358.92199999999997,38),(2,45,370.53299999999996,46),(2,46,359.613,48),(2,47,342.542,37),(2,48,347.093,47),(2,54,365.00999999999993,36),(2,55,316.30300000000005,29),(2,56,339.383,55),(2,70,418.48999999999995,30),(2,71,359.25999999999993,30),(2,72,413.98599999999993,73),(2,73,382.95599999999996,74),(2,74,344.9560000000001,75),(2,75,335.89000000000004,33),(2,76,378.0199999999999,75),(2,77,300.33,33),(2,78,340.01000000000005,77),(2,79,297.56,80),(2,80,260.02,82),(2,81,314.08,80),(2,82,220.69,25),(2,83,257.73,82),(2,84,298.17,83),(2,85,314.92,79),(2,87,417.98999999999995,78),(2,92,309.51000000000005,32),(2,93,249.09000000000003,24),(2,96,65.4,3),(2,107,114.80000000000001,8),(2,110,213.38,28),(2,111,205.87,28),(2,113,267.96,22),(2,115,250.83600000000004,93),(2,129,426.56300000000005,136),(2,136,410.95300000000003,48),(3,1,38.412,2),(3,2,29.31,3),(3,4,63.74,96),(3,5,59.239999999999995,2),(3,7,24.6,3),(3,8,59.51,7),(3,9,76,4),(3,14,141.66,15),(3,15,114.64,9),(3,18,155.79,15),(3,19,159.76,27),(3,20,192.07000000000002,19),(3,21,239.65,20),(3,22,221.94000000000003,23),(3,23,197.14000000000001,24),(3,24,183.13,25),(3,25,156.74,26),(3,26,87.26,4),(3,27,128.05,26),(3,28,166.56,27),(3,29,277.26,21),(3,30,319.87,29),(3,31,301.6,34),(3,32,264.54,33),(3,33,237.01000000000002,25),(3,34,257.08000000000004,22),(3,35,254.34000000000003,20),(3,36,296.09000000000003,35),(3,37,307.63,36),(3,38,317.592,37),(3,39,329.61199999999997,38),(3,45,341.22299999999996,46),(3,46,330.303,48),(3,47,313.23199999999997,37),(3,48,317.783,47),(3,54,335.69999999999993,36),(3,55,286.99300000000005,29),(3,56,310.073,55),(3,70,389.17999999999995,30),(3,71,329.94999999999993,30),(3,72,384.67599999999993,73),(3,73,353.64599999999996,74),(3,74,315.6460000000001,75),(3,75,306.58000000000004,33),(3,76,348.7099999999999,75),(3,77,271.02,33),(3,78,310.70000000000005,77),(3,79,268.25,80),(3,80,230.71,82),(3,81,284.77,80),(3,82,191.38,25),(3,83,228.42000000000004,82),(3,84,268.86,83),(3,85,285.61,79),(3,87,388.67999999999995,78),(3,92,280.20000000000005,32),(3,93,219.78000000000003,24),(3,94,14.67,3),(3,96,36.09,3),(3,107,85.49000000000001,8),(3,110,184.07,28),(3,111,176.56,28),(3,113,238.65,22),(3,115,221.52600000000004,93),(3,129,397.25300000000004,136),(3,136,381.64300000000003,48),(4,1,102.15200000000002,2),(4,2,93.05000000000001,3),(4,3,63.74,96),(4,5,122.97999999999999,2),(4,6,91.78,8),(4,7,88.34,3),(4,8,64.22,107),(4,9,12.26,4),(4,10,127.42000000000002,6),(4,11,140.23,12),(4,12,121.25,13),(4,13,96.08,14),(4,14,77.92,15),(4,15,50.9,9),(4,18,92.05,15),(4,19,96.02,27),(4,20,128.33,19),(4,21,175.91,20),(4,22,158.20000000000002,23),(4,23,133.4,24),(4,24,119.39,25),(4,25,93,26),(4,26,23.52,4),(4,27,64.31,26),(4,28,102.82,27),(4,29,213.52,21),(4,30,256.13,29),(4,31,237.86000000000004,34),(4,32,200.8,33),(4,33,173.27,25),(4,34,193.34,22),(4,35,190.60000000000002,20),(4,36,232.35000000000002,35),(4,37,243.89000000000001,36),(4,38,253.852,37),(4,39,265.872,38),(4,45,277.483,46),(4,46,266.563,48),(4,47,249.49200000000002,37),(4,48,254.043,47),(4,54,271.96,36),(4,55,223.25300000000001,29),(4,56,246.333,55),(4,70,325.44,30),(4,71,266.21,30),(4,72,320.936,73),(4,73,289.906,74),(4,74,251.90600000000003,75),(4,75,242.84,33),(4,76,284.96999999999997,75),(4,77,207.28,33),(4,78,246.96,77),(4,79,204.51000000000002,80),(4,80,166.97,82),(4,81,221.03,80),(4,82,127.64,25),(4,83,164.68000000000004,82),(4,84,205.12,83),(4,85,221.87000000000003,79),(4,87,324.94,78),(4,92,216.46,32),(4,93,156.04000000000002,24),(4,96,27.65,4),(4,107,38.24,9),(4,110,120.33,28),(4,111,112.82,28),(4,113,174.91,22),(4,115,157.78600000000003,93),(4,129,333.51300000000003,136),(4,136,317.903,48),(5,1,39.032,2),(5,2,29.93,5),(5,3,59.239999999999995,2),(5,4,122.97999999999999,96),(5,6,50.89,5),(5,10,86.53,6),(5,11,103.55,10),(5,12,122.53,11),(5,13,147.7,12),(5,16,215.05,17),(5,17,192.89999999999998,13),(5,24,242.37,25),(5,25,215.98000000000002,26),(5,26,146.5,4),(5,27,187.29,26),(5,28,225.79999999999998,27),(5,93,279.02,24),(5,96,95.33,3),(5,111,235.79999999999998,28),(5,115,280.76599999999996,93),(6,1,89.922,2),(6,2,80.82,5),(6,4,91.78,9),(6,5,50.89,6),(6,8,27.56,6),(6,9,79.52,107),(6,10,35.64,6),(6,11,52.66,10),(6,12,71.64,11),(6,13,96.81,12),(6,16,164.16000000000003,17),(6,17,142.01,13),(6,24,211.17000000000002,25),(6,25,184.78,26),(6,26,115.3,4),(6,27,156.09,26),(6,28,194.6,27),(6,93,247.82000000000002,24),(6,107,53.54,8),(6,111,204.6,28),(6,115,249.56600000000003,93),(7,1,63.012,2),(7,2,53.91,3),(7,3,24.6,7),(7,4,88.34,96),(7,8,34.91,7),(7,24,207.73000000000002,25),(7,25,181.34,26),(7,26,111.86,4),(7,27,152.65,26),(7,28,191.16,27),(7,93,244.38000000000002,24),(7,96,60.690000000000005,3),(7,107,60.89,8),(7,111,201.16,28),(7,115,246.12600000000003,93),(8,1,97.922,2),(8,2,88.82,3),(8,3,59.51,7),(8,4,64.22,9),(8,6,27.56,8),(8,7,34.91,8),(8,9,51.96,107),(8,10,63.2,6),(8,24,183.61,25),(8,25,157.22,26),(8,26,87.74,4),(8,27,128.53,26),(8,28,167.04,27),(8,93,220.26000000000002,24),(8,100,9.6,8),(8,107,25.98,8),(8,111,177.04,28),(8,115,222.00600000000003,93),(9,1,114.412,2),(9,2,105.31,3),(9,3,76,96),(9,4,12.26,9),(9,6,79.52,8),(9,8,51.96,107),(9,10,115.16000000000001,6),(9,11,127.97,12),(9,12,108.99,13),(9,13,83.82,14),(9,14,65.66,15),(9,15,38.64,9),(9,18,79.78999999999999,15),(9,24,131.65,25),(9,25,105.26,26),(9,26,35.78,4),(9,27,76.57,26),(9,28,115.07999999999998,27),(9,93,168.3,24),(9,96,39.91,4),(9,107,25.98,9),(9,111,125.07999999999998,28),(9,115,170.04600000000002,93),(10,1,125.56200000000001,2),(10,2,116.46000000000001,5),(10,4,127.42000000000002,9),(10,5,86.53,6),(10,6,35.64,10),(10,8,63.2,6),(10,9,115.16000000000001,107),(10,11,17.02,10),(10,12,36,11),(10,13,61.17,12),(10,16,128.52,17),(10,17,106.37,13),(10,24,246.81,25),(10,25,220.42000000000002,26),(10,26,150.94000000000003,4),(10,27,191.73000000000002,26),(10,28,230.24,27),(10,93,283.46,24),(10,107,89.18,8),(10,111,240.24,28),(10,115,285.20599999999996,93),(11,1,142.582,2),(11,2,133.48,5),(11,4,140.23,9),(11,5,103.55,6),(11,6,52.66,10),(11,9,127.97,15),(11,10,17.02,11),(11,12,18.98,11),(11,13,44.150000000000006,12),(11,14,62.31,13),(11,15,89.33,14),(11,16,111.5,17),(11,17,89.35000000000001,13),(11,24,259.62,25),(11,25,233.23000000000002,26),(11,26,163.75,4),(11,27,204.54,26),(11,28,243.04999999999998,27),(11,93,296.27,24),(11,102,2.4,11),(11,111,253.04999999999998,28),(11,115,298.01599999999996,93),(12,1,161.562,2),(12,2,152.46,5),(12,4,121.25,9),(12,5,122.53,6),(12,6,71.64,10),(12,9,108.99,15),(12,10,36,11),(12,11,18.98,12),(12,13,25.17,12),(12,14,43.33,13),(12,15,70.35,14),(12,16,92.52,17),(12,17,70.37,13),(12,24,240.64,25),(12,25,214.25,26),(12,26,144.77,4),(12,27,185.56,26),(12,28,224.07,27),(12,93,277.28999999999996,24),(12,111,234.07,28),(12,115,279.03599999999994,93),(13,1,186.732,2),(13,2,177.63,5),(13,4,96.08,9),(13,5,147.7,6),(13,6,96.81,10),(13,9,83.82,15),(13,10,61.17,11),(13,11,44.150000000000006,12),(13,12,25.17,13),(13,14,18.16,13),(13,15,45.18,14),(13,16,67.35,17),(13,17,45.2,13),(13,24,215.46999999999997,25),(13,25,189.07999999999998,26),(13,26,119.6,4),(13,27,160.39,26),(13,28,198.89999999999998,27),(13,93,252.11999999999998,24),(13,103,4.4,13),(13,104,7.85,13),(13,111,208.89999999999998,28),(13,115,253.86599999999999,93),(14,1,180.072,2),(14,2,170.97,3),(14,3,141.66,96),(14,4,77.92,9),(14,9,65.66,15),(14,11,62.31,12),(14,12,43.33,13),(14,13,18.16,14),(14,15,27.02,14),(14,24,197.31,25),(14,25,170.92000000000002,26),(14,26,101.44,4),(14,27,142.23,26),(14,28,180.73999999999998,27),(14,93,233.96,24),(14,96,105.57,4),(14,105,17.32,14),(14,111,190.73999999999998,28),(14,115,235.70600000000002,93),(15,1,153.052,2),(15,2,143.95,3),(15,3,114.64,96),(15,4,50.9,9),(15,9,38.64,15),(15,11,89.33,12),(15,12,70.35,13),(15,13,45.18,14),(15,14,27.02,15),(15,18,41.15,15),(15,24,170.29000000000002,25),(15,25,143.9,26),(15,26,74.42,4),(15,27,115.21000000000001,26),(15,28,153.72,27),(15,93,206.94000000000003,24),(15,96,78.55,4),(15,111,163.72,28),(15,115,208.68600000000004,93),(16,1,254.08200000000002,2),(16,2,244.98000000000002,5),(16,5,215.05,6),(16,6,164.16000000000003,10),(16,10,128.52,11),(16,11,111.5,12),(16,12,92.52,13),(16,13,67.35,17),(16,17,22.15,16),(16,18,64.56,17),(16,19,122.45,18),(16,23,224.10999999999999,28),(16,24,238.11999999999998,23),(16,27,154.16,19),(16,28,192.67,27),(16,93,274.77,24),(16,111,202.67,28),(16,115,276.51599999999996,93),(17,1,231.932,2),(17,2,222.82999999999998,5),(17,5,192.89999999999998,6),(17,6,142.01,10),(17,10,106.37,11),(17,11,89.35000000000001,12),(17,12,70.37,13),(17,13,45.2,17),(17,16,22.15,17),(17,18,42.41,17),(17,19,100.3,18),(17,23,201.95999999999998,28),(17,24,215.96999999999997,23),(17,27,132.01,19),(17,28,170.51999999999998,27),(17,93,252.61999999999998,24),(17,105,3.124,17),(17,111,180.51999999999998,28),(17,115,254.36599999999999,93),(17,147,15.94,17),(18,1,194.202,2),(18,2,185.1,3),(18,3,155.79,96),(18,4,92.05,9),(18,9,79.78999999999999,15),(18,15,41.15,18),(18,16,64.56,17),(18,17,42.41,18),(18,19,57.89,18),(18,23,159.54999999999998,28),(18,24,173.55999999999997,23),(18,27,89.6,19),(18,28,128.10999999999999,27),(18,93,210.20999999999998,24),(18,96,119.69999999999999,4),(18,111,138.10999999999999,28),(18,115,211.956,93),(18,146,1,18),(19,1,198.172,2),(19,2,189.07,3),(19,3,159.76,96),(19,4,96.02,26),(19,16,122.45,17),(19,17,100.3,18),(19,18,57.89,19),(19,20,32.31,19),(19,21,79.89,20),(19,23,101.66,28),(19,24,115.67,23),(19,26,72.5,27),(19,27,31.71,19),(19,28,70.22,27),(19,29,117.5,21),(19,30,160.11,29),(19,35,94.58000000000001,20),(19,36,136.33,35),(19,37,147.87,36),(19,38,157.832,37),(19,39,169.852,38),(19,45,181.46300000000002,46),(19,46,170.543,48),(19,47,153.472,37),(19,48,158.023,47),(19,49,252.91299999999998,136),(19,52,267.623,49),(19,54,175.94,36),(19,55,127.233,29),(19,56,150.313,55),(19,70,229.42000000000002,30),(19,71,170.19,30),(19,93,152.32,24),(19,96,123.66999999999999,4),(19,106,44.21,27),(19,111,80.22,28),(19,115,154.066,93),(19,125,199.99,54),(19,129,237.49300000000002,136),(19,130,282.533,52),(19,136,221.88299999999998,48),(20,1,230.48200000000003,2),(20,2,221.38000000000002,3),(20,3,192.07000000000002,96),(20,4,128.33,26),(20,19,32.31,20),(20,21,47.58,20),(20,22,77.28999999999999,113),(20,23,102.08999999999999,22),(20,24,116.1,23),(20,26,104.81,27),(20,27,64.02000000000001,19),(20,28,102.53,27),(20,29,85.19,21),(20,30,127.8,29),(20,35,62.27,20),(20,36,104.02000000000001,35),(20,37,115.56,36),(20,38,125.52199999999999,37),(20,39,137.542,38),(20,40,242.24200000000002,39),(20,44,210.133,45),(20,45,149.15300000000002,46),(20,46,138.233,48),(20,47,121.162,37),(20,48,125.713,47),(20,49,220.603,136),(20,50,230.22400000000002,49),(20,52,235.31300000000002,49),(20,54,143.63,36),(20,55,94.923,29),(20,56,118.003,55),(20,70,197.11,30),(20,71,137.88,30),(20,93,152.75,24),(20,96,155.98000000000002,4),(20,106,76.52000000000001,27),(20,111,112.53,28),(20,113,60.58,21),(20,115,154.496,93),(20,125,167.68,54),(20,129,205.18300000000002,136),(20,130,250.223,52),(20,136,189.573,48),(21,1,278.06199999999995,2),(21,2,268.96,3),(21,3,239.65,96),(21,4,175.91,26),(21,19,79.89,20),(21,20,47.58,21),(21,22,29.71,113),(21,23,54.510000000000005,22),(21,24,68.52000000000001,23),(21,26,152.39,27),(21,27,111.6,19),(21,29,37.61,21),(21,30,80.22,29),(21,35,109.85,20),(21,36,151.60000000000002,35),(21,37,163.14,36),(21,38,173.10199999999998,37),(21,39,185.122,38),(21,40,289.822,39),(21,44,257.713,45),(21,45,196.733,46),(21,46,185.813,48),(21,47,168.74200000000002,37),(21,48,173.293,47),(21,49,268.183,136),(21,50,277.80400000000003,49),(21,52,282.89300000000003,49),(21,54,191.20999999999998,36),(21,55,47.343,29),(21,56,70.423,55),(21,57,196.123,56),(21,58,251.673,57),(21,68,228,69),(21,69,197.18,70),(21,70,149.53,30),(21,71,90.3,30),(21,93,105.17000000000002,24),(21,96,203.56,4),(21,111,78.52000000000001,24),(21,113,13,21),(21,115,106.91600000000001,93),(21,123,21.15,21),(21,130,297.803,52),(21,136,237.15300000000002,48),(21,144,251.45300000000003,57),(22,1,260.35200000000003,2),(22,2,251.25000000000003,3),(22,3,221.94000000000003,96),(22,4,158.20000000000002,26),(22,20,77.28999999999999,21),(22,21,29.71,113),(22,23,24.8,22),(22,24,38.81,23),(22,25,65.2,24),(22,26,134.68,25),(22,29,67.32,21),(22,30,109.93,29),(22,31,79.66,34),(22,34,35.14,22),(22,35,139.56,20),(22,36,181.31000000000003,35),(22,37,192.85,36),(22,38,202.81199999999998,37),(22,39,214.83200000000002,38),(22,40,319.532,39),(22,44,287.423,45),(22,45,226.443,46),(22,46,215.523,48),(22,47,198.45200000000003,37),(22,48,203.00300000000001,47),(22,49,297.893,136),(22,50,307.514,49),(22,52,312.603,49),(22,54,220.92,36),(22,55,77.053,29),(22,56,100.13300000000001,55),(22,57,225.833,56),(22,58,281.383,57),(22,68,257.71,69),(22,69,226.89000000000001,70),(22,70,179.24,30),(22,71,120.00999999999999,30),(22,76,173.25,92),(22,92,103.7,31),(22,93,75.46000000000001,24),(22,96,185.85000000000002,4),(22,111,48.81,24),(22,113,16.71,22),(22,115,77.206,93),(22,130,327.513,52),(22,136,266.863,48),(22,144,281.163,57),(23,1,235.55200000000002,2),(23,2,226.45000000000002,3),(23,3,197.14000000000001,96),(23,4,133.4,26),(23,16,224.10999999999999,17),(23,17,201.95999999999998,18),(23,18,159.54999999999998,19),(23,19,101.66,27),(23,20,102.08999999999999,21),(23,21,54.510000000000005,113),(23,22,24.8,23),(23,24,14.01,23),(23,25,40.4,24),(23,26,109.88,25),(23,27,69.95,28),(23,28,31.44,23),(23,29,92.11999999999999,21),(23,30,134.73000000000002,29),(23,31,104.46,34),(23,34,59.94,22),(23,35,164.36,20),(23,36,206.11000000000004,35),(23,37,217.65,36),(23,38,227.612,37),(23,39,239.63200000000003,38),(23,40,344.332,39),(23,44,312.223,45),(23,45,251.24300000000002,46),(23,46,240.323,48),(23,47,223.25200000000004,37),(23,48,227.80300000000003,47),(23,49,322.693,136),(23,50,332.314,49),(23,52,337.403,49),(23,54,245.72,36),(23,55,101.853,29),(23,56,124.933,55),(23,57,250.633,56),(23,58,306.183,57),(23,68,282.51,69),(23,69,251.69000000000003,70),(23,70,204.04000000000002,30),(23,71,144.81,30),(23,76,198.05,92),(23,92,128.5,31),(23,93,50.66,24),(23,96,161.05,4),(23,111,24.009999999999998,24),(23,113,41.510000000000005,22),(23,115,52.406,93),(23,130,352.313,52),(23,136,291.663,48),(23,144,305.963,57),(24,1,221.542,2),(24,2,212.44,3),(24,3,183.13,96),(24,4,119.39,26),(24,5,242.37,2),(24,6,211.17000000000002,8),(24,7,207.73000000000002,3),(24,8,183.61,107),(24,9,131.65,4),(24,10,246.81,6),(24,11,259.62,12),(24,12,240.64,13),(24,13,215.46999999999997,14),(24,14,197.31,15),(24,15,170.29000000000002,9),(24,16,238.11999999999998,17),(24,17,215.96999999999997,18),(24,18,173.55999999999997,19),(24,19,115.67,27),(24,20,116.1,21),(24,21,68.52000000000001,113),(24,22,38.81,23),(24,23,14.01,24),(24,25,26.39,24),(24,26,95.87,25),(24,27,83.96000000000001,28),(24,28,45.45,23),(24,29,106.13,21),(24,30,148.74,29),(24,31,118.47,34),(24,32,134.19,33),(24,33,106.66,25),(24,34,73.95,22),(24,35,178.37,20),(24,36,220.12000000000003,35),(24,37,231.66,36),(24,38,241.62199999999999,37),(24,39,253.64200000000002,38),(24,40,358.342,39),(24,44,326.233,45),(24,45,265.25300000000004,46),(24,46,254.333,48),(24,47,237.26200000000003,37),(24,48,241.81300000000002,47),(24,49,336.703,136),(24,50,346.324,49),(24,52,351.413,49),(24,54,259.73,36),(24,55,115.863,29),(24,56,138.943,55),(24,57,264.64300000000003,56),(24,58,320.193,57),(24,68,296.52,69),(24,69,265.70000000000005,70),(24,70,218.05,30),(24,71,158.82,30),(24,72,254.32599999999996,73),(24,73,223.296,74),(24,74,185.296,75),(24,75,176.22999999999996,33),(24,76,212.06,92),(24,77,140.67000000000002,33),(24,78,180.34999999999997,77),(24,79,137.9,80),(24,80,100.36,82),(24,81,154.42000000000002,80),(24,82,61.03,25),(24,83,98.07000000000001,82),(24,84,138.51,83),(24,85,155.26,79),(24,86,327.94599999999997,72),(24,87,258.33,78),(24,88,360.936,86),(24,92,142.51,31),(24,93,36.65,24),(24,96,147.04,4),(24,107,157.63,9),(24,111,10,24),(24,113,55.52,22),(24,115,38.396,93),(24,130,366.323,52),(24,136,305.673,48),(24,144,319.973,57),(25,1,195.15200000000002,2),(25,2,186.05,3),(25,3,156.74,96),(25,4,93,26),(25,5,215.98000000000002,2),(25,6,184.78,8),(25,7,181.34,3),(25,8,157.22,107),(25,9,105.26,4),(25,10,220.42000000000002,6),(25,11,233.23000000000002,12),(25,12,214.25,13),(25,13,189.07999999999998,14),(25,14,170.92000000000002,15),(25,15,143.9,9),(25,22,65.2,23),(25,23,40.4,24),(25,24,26.39,25),(25,26,69.48,25),(25,31,144.86,34),(25,32,107.8,33),(25,33,80.27,25),(25,34,100.34,22),(25,72,227.93599999999998,73),(25,73,196.906,74),(25,74,158.906,75),(25,75,149.83999999999997,33),(25,76,191.96999999999997,75),(25,77,114.28,33),(25,78,153.95999999999998,77),(25,79,111.51,80),(25,80,73.97,82),(25,81,128.03,80),(25,82,34.64,25),(25,83,71.68,82),(25,84,112.11999999999999,83),(25,85,128.87,79),(25,86,301.556,72),(25,87,231.94,78),(25,88,334.546,86),(25,92,123.46,32),(25,93,63.04,24),(25,96,120.65,4),(25,107,131.24,9),(25,111,36.39,24),(25,113,81.91,22),(25,115,64.786,93),(26,1,125.67200000000001,2),(26,2,116.57000000000001,3),(26,3,87.26,96),(26,4,23.52,26),(26,5,146.5,2),(26,6,115.3,8),(26,7,111.86,3),(26,8,87.74,107),(26,9,35.78,4),(26,10,150.94000000000003,6),(26,11,163.75,12),(26,12,144.77,13),(26,13,119.6,14),(26,14,101.44,15),(26,15,74.42,9),(26,19,72.5,27),(26,20,104.81,19),(26,21,152.39,20),(26,22,134.68,23),(26,23,109.88,24),(26,24,95.87,25),(26,25,69.48,26),(26,27,40.79,26),(26,28,79.3,27),(26,29,190,21),(26,30,232.61,29),(26,31,214.34000000000003,34),(26,32,177.28,33),(26,33,149.75,25),(26,34,169.82,22),(26,35,167.08,20),(26,36,208.83,35),(26,37,220.37,36),(26,38,230.332,37),(26,39,242.352,38),(26,45,253.96300000000002,46),(26,46,243.043,48),(26,47,225.972,37),(26,48,230.523,47),(26,54,248.44,36),(26,55,199.733,29),(26,56,222.813,55),(26,70,301.92,30),(26,71,242.69,30),(26,72,297.416,73),(26,73,266.386,74),(26,74,228.38600000000002,75),(26,75,219.32,33),(26,76,261.45,75),(26,77,183.76,33),(26,78,223.44,77),(26,79,180.99,80),(26,80,143.45,82),(26,81,197.51,80),(26,82,104.12,25),(26,83,141.16000000000003,82),(26,84,181.6,83),(26,85,198.35000000000002,79),(26,87,301.42,78),(26,92,192.94,32),(26,93,132.52,24),(26,96,51.17,4),(26,97,14.63,26),(26,107,61.760000000000005,9),(26,110,96.81,28),(26,111,89.3,28),(26,113,151.39,22),(26,115,134.26600000000002,93),(26,129,309.99300000000005,136),(26,136,294.38300000000004,48),(27,1,166.46200000000002,2),(27,2,157.36,3),(27,3,128.05,96),(27,4,64.31,26),(27,5,187.29,2),(27,6,156.09,8),(27,7,152.65,3),(27,8,128.53,107),(27,9,76.57,4),(27,10,191.73000000000002,6),(27,11,204.54,12),(27,12,185.56,13),(27,13,160.39,14),(27,14,142.23,15),(27,15,115.21000000000001,9),(27,16,154.16,17),(27,17,132.01,18),(27,18,89.6,19),(27,19,31.71,27),(27,20,64.02000000000001,19),(27,21,111.6,20),(27,23,69.95,28),(27,24,83.96000000000001,23),(27,26,40.79,27),(27,28,38.51,27),(27,29,149.21,21),(27,30,191.82000000000002,29),(27,35,126.29000000000002,20),(27,36,168.04000000000002,35),(27,37,179.58,36),(27,38,189.542,37),(27,39,201.562,38),(27,45,213.17300000000003,46),(27,46,202.25300000000001,48),(27,47,185.18200000000002,37),(27,48,189.733,47),(27,49,284.62300000000005,136),(27,52,299.333,49),(27,54,207.65,36),(27,55,158.943,29),(27,56,182.023,55),(27,70,261.13,30),(27,71,201.9,30),(27,93,120.61000000000001,24),(27,96,91.96000000000001,4),(27,106,12.5,27),(27,107,102.55000000000001,9),(27,109,17,27),(27,110,56.019999999999996,28),(27,111,48.51,28),(27,115,122.35600000000001,93),(27,125,231.70000000000002,54),(27,129,269.20300000000003,136),(27,130,314.24300000000005,52),(27,136,253.59300000000002,48),(28,1,204.972,2),(28,2,195.87,3),(28,3,166.56,96),(28,4,102.82,26),(28,5,225.79999999999998,2),(28,6,194.6,8),(28,7,191.16,3),(28,8,167.04,107),(28,9,115.07999999999998,4),(28,10,230.24,6),(28,11,243.04999999999998,12),(28,12,224.07,13),(28,13,198.89999999999998,14),(28,14,180.73999999999998,15),(28,15,153.72,9),(28,16,192.67,17),(28,17,170.51999999999998,18),(28,18,128.10999999999999,19),(28,19,70.22,27),(28,20,102.53,19),(28,23,31.44,28),(28,24,45.45,23),(28,26,79.3,27),(28,27,38.51,28),(28,35,164.8,20),(28,36,206.55,35),(28,37,218.09,36),(28,38,228.052,37),(28,39,240.072,38),(28,45,251.68300000000002,46),(28,46,240.763,48),(28,47,223.692,37),(28,48,228.243,47),(28,54,246.16,36),(28,93,82.1,24),(28,96,130.47,4),(28,107,141.06,9),(28,108,18,28),(28,109,17,28),(28,110,17.51,28),(28,111,10,28),(28,115,83.84599999999999,93),(28,125,270.21000000000004,54),(29,1,315.67199999999997,2),(29,2,306.57,3),(29,3,277.26,96),(29,4,213.52,26),(29,19,117.5,20),(29,20,85.19,21),(29,21,37.61,29),(29,22,67.32,113),(29,23,92.11999999999999,22),(29,24,106.13,23),(29,26,190,27),(29,27,149.21,19),(29,30,42.61,29),(29,55,9.733,29),(29,56,32.813,55),(29,57,158.513,56),(29,58,214.063,57),(29,68,190.39,69),(29,69,159.57,70),(29,70,111.92,30),(29,71,52.69,30),(29,93,142.78,24),(29,96,241.17000000000002,4),(29,111,116.13,24),(29,113,50.61,21),(29,115,144.526,93),(29,144,213.84300000000002,57),(30,1,358.282,2),(30,2,349.18,3),(30,3,319.87,96),(30,4,256.13,26),(30,19,160.11,20),(30,20,127.8,21),(30,21,80.22,29),(30,22,109.93,113),(30,23,134.73000000000002,22),(30,24,148.74,23),(30,26,232.61,27),(30,27,191.82000000000002,19),(30,29,42.61,30),(30,31,30.75,30),(30,68,147.78,69),(30,69,116.96000000000001,70),(30,70,69.31,30),(30,71,10.08,30),(30,93,185.39000000000001,24),(30,96,283.78,4),(30,111,158.74,24),(30,113,93.22,21),(30,115,187.13600000000002,93),(31,1,340.012,2),(31,2,330.91,3),(31,3,301.6,96),(31,4,237.86000000000004,26),(31,22,79.66,34),(31,23,104.46,22),(31,24,118.47,23),(31,25,144.86,24),(31,26,214.34000000000003,25),(31,30,30.75,31),(31,34,44.52,31),(31,76,93.59,92),(31,92,24.04,31),(31,93,155.12,24),(31,96,265.51000000000005,4),(31,111,128.47,24),(31,115,156.866,93),(32,1,302.952,2),(32,2,293.85,3),(32,3,264.54,96),(32,4,200.8,26),(32,24,134.19,25),(32,25,107.8,33),(32,26,177.28,25),(32,33,27.53,32),(32,92,15.66,32),(32,93,10000,32),(32,96,228.45000000000002,4),(32,111,144.19,24),(32,115,172.586,93),(33,1,275.42199999999997,2),(33,2,266.32,3),(33,3,237.01000000000002,96),(33,4,173.27,26),(33,24,106.66,25),(33,25,80.27,33),(33,26,149.75,25),(33,32,27.53,33),(33,72,147.666,73),(33,73,116.636,74),(33,74,78.636,75),(33,75,69.57,33),(33,76,111.69999999999999,75),(33,77,34.01,33),(33,78,73.69,77),(33,86,221.286,72),(33,87,151.67,78),(33,88,254.276,86),(33,92,43.19,32),(33,93,143.31,24),(33,96,200.92000000000002,4),(33,111,116.66,24),(33,115,145.056,93),(34,1,295.492,2),(34,2,286.39000000000004,3),(34,3,257.08000000000004,96),(34,4,193.34,26),(34,22,35.14,34),(34,23,59.94,22),(34,24,73.95,23),(34,25,100.34,24),(34,26,169.82,25),(34,31,44.52,34),(34,76,138.11,92),(34,92,68.56,31),(34,93,110.6,24),(34,96,220.99,4),(34,111,83.95,24),(34,115,112.34599999999999,93),(34,116,3.321,34),(35,1,292.752,2),(35,2,283.65000000000003,3),(35,3,254.34000000000003,96),(35,4,190.60000000000002,26),(35,19,94.58000000000001,20),(35,20,62.27,35),(35,21,109.85,20),(35,22,139.56,113),(35,23,164.36,22),(35,24,178.37,23),(35,26,167.08,27),(35,27,126.29000000000002,19),(35,28,164.8,27),(35,36,41.75,35),(35,37,53.29,36),(35,38,63.251999999999995,37),(35,39,75.27199999999999,38),(35,40,179.972,39),(35,44,147.863,45),(35,45,86.88300000000001,46),(35,46,75.963,48),(35,47,58.891999999999996,37),(35,48,63.443,47),(35,49,158.333,136),(35,50,167.954,49),(35,52,173.043,49),(35,54,81.36,36),(35,93,215.02,24),(35,96,218.25000000000003,4),(35,106,138.79000000000002,27),(35,111,174.8,28),(35,113,122.85,21),(35,115,216.76600000000002,93),(35,117,100,35),(35,118,120,35),(35,119,50,35),(35,120,53.5,35),(35,121,46.18,35),(35,122,120,35),(35,125,105.41,54),(35,126,12.18,35),(35,129,142.913,136),(35,130,187.953,52),(35,136,127.303,48),(36,1,334.502,2),(36,2,325.40000000000003,3),(36,3,296.09000000000003,96),(36,4,232.35000000000002,26),(36,19,136.33,20),(36,20,104.02000000000001,35),(36,21,151.60000000000002,20),(36,22,181.31000000000003,113),(36,23,206.11000000000004,22),(36,24,220.12000000000003,23),(36,26,208.83,27),(36,27,168.04000000000002,19),(36,28,206.55,27),(36,35,41.75,36),(36,37,11.54,36),(36,38,21.502,37),(36,39,33.522,38),(36,40,138.222,39),(36,44,106.113,45),(36,45,45.133,46),(36,46,34.212999999999994,48),(36,47,17.142,37),(36,48,21.692999999999998,47),(36,49,116.583,136),(36,50,126.20400000000001,49),(36,52,131.293,49),(36,54,39.61,36),(36,93,256.77000000000004,24),(36,96,260,4),(36,106,180.54000000000002,27),(36,111,216.55,28),(36,113,164.60000000000002,21),(36,115,258.516,93),(36,125,63.66,54),(36,129,101.16300000000001,136),(36,130,146.203,52),(36,136,85.553,48),(37,1,346.042,2),(37,2,336.94,3),(37,3,307.63,96),(37,4,243.89000000000001,26),(37,19,147.87,20),(37,20,115.56,35),(37,21,163.14,20),(37,22,192.85,113),(37,23,217.65,22),(37,24,231.66,23),(37,26,220.37,27),(37,27,179.58,19),(37,28,218.09,27),(37,35,53.29,36),(37,36,11.54,37),(37,38,9.962,37),(37,39,21.982,38),(37,40,126.682,39),(37,44,94.573,45),(37,45,33.593,46),(37,46,22.673,48),(37,47,5.602,37),(37,48,10.153,47),(37,49,105.043,136),(37,50,114.664,49),(37,52,119.753,49),(37,54,51.15,36),(37,93,268.31,24),(37,96,271.54,4),(37,106,192.08,27),(37,111,228.09,28),(37,113,176.14,21),(37,115,270.056,93),(37,129,89.623,136),(37,130,134.663,52),(37,136,74.013,48),(38,1,356.00399999999996,2),(38,2,346.902,3),(38,3,317.592,96),(38,4,253.852,26),(38,19,157.832,20),(38,20,125.52199999999999,35),(38,21,173.10199999999998,20),(38,22,202.81199999999998,113),(38,23,227.612,22),(38,24,241.62199999999999,23),(38,26,230.332,27),(38,27,189.542,19),(38,28,228.052,27),(38,35,63.251999999999995,36),(38,36,21.502,37),(38,37,9.962,38),(38,39,12.02,38),(38,40,116.72,39),(38,47,15.564,37),(38,48,20.115000000000002,47),(38,49,115.005,136),(38,52,129.715,49),(38,93,278.272,24),(38,96,281.502,4),(38,111,238.052,28),(38,113,186.10199999999998,21),(38,115,280.018,93),(38,130,144.625,52),(38,136,83.975,48),(39,1,368.02399999999994,2),(39,2,358.92199999999997,3),(39,3,329.61199999999997,96),(39,4,265.872,26),(39,19,169.852,20),(39,20,137.542,35),(39,21,185.122,20),(39,22,214.83200000000002,113),(39,23,239.63200000000003,22),(39,24,253.64200000000002,23),(39,26,242.352,27),(39,27,201.562,19),(39,28,240.072,27),(39,35,75.27199999999999,36),(39,36,33.522,37),(39,37,21.982,38),(39,38,12.02,39),(39,40,104.7,39),(39,47,27.584,37),(39,48,32.135,47),(39,49,127.025,136),(39,52,141.735,49),(39,93,290.29200000000003,24),(39,96,293.522,4),(39,111,250.072,28),(39,113,198.122,21),(39,115,292.038,93),(39,130,156.645,52),(39,136,95.995,48),(40,20,242.24200000000002,35),(40,21,289.822,20),(40,22,319.532,113),(40,23,344.332,22),(40,24,358.342,23),(40,35,179.972,36),(40,36,138.222,37),(40,37,126.682,38),(40,38,116.72,39),(40,39,104.7,40),(40,41,13.2,40),(40,47,132.284,37),(40,48,136.83499999999998,47),(40,49,231.725,136),(40,52,246.435,49),(40,93,394.99199999999996,24),(40,113,302.822,21),(40,115,396.73799999999994,93),(40,130,261.345,52),(40,136,200.695,48),(41,40,13.2,41),(41,42,9.832,41),(41,43,11.69,41),(41,44,55.72,43),(41,45,116.69999999999999,44),(41,46,127.61999999999999,45),(41,48,140.14,46),(41,49,235.03,136),(41,52,249.74,49),(41,130,264.65000000000003,52),(41,136,204,48),(42,41,9.832,42),(42,43,21.522,41),(42,44,65.55199999999999,43),(42,45,126.53199999999998,44),(42,46,137.45199999999997,45),(42,48,149.97199999999998,46),(42,49,244.862,136),(42,52,259.572,49),(42,130,274.482,52),(42,136,213.832,48),(43,41,11.69,43),(43,42,21.522,41),(43,44,44.03,43),(43,45,105.00999999999999,44),(43,46,115.92999999999999,45),(43,48,128.45,46),(43,49,223.34,136),(43,52,238.05,49),(43,130,252.96,52),(43,136,192.31,48),(44,20,210.133,35),(44,21,257.713,20),(44,22,287.423,113),(44,23,312.223,22),(44,24,326.233,23),(44,35,147.863,36),(44,36,106.113,37),(44,37,94.573,47),(44,41,55.72,43),(44,42,65.55199999999999,41),(44,43,44.03,44),(44,45,60.98,44),(44,46,71.89999999999999,45),(44,47,88.97099999999999,48),(44,48,84.41999999999999,46),(44,49,179.30999999999997,136),(44,52,194.01999999999998,49),(44,93,362.883,24),(44,113,270.713,21),(44,115,364.62899999999996,93),(44,130,208.92999999999998,52),(44,131,15,44),(44,136,148.27999999999997,48),(45,1,379.63499999999993,2),(45,2,370.53299999999996,3),(45,3,341.22299999999996,96),(45,4,277.483,26),(45,19,181.46300000000002,20),(45,20,149.15300000000002,35),(45,21,196.733,20),(45,22,226.443,113),(45,23,251.24300000000002,22),(45,24,265.25300000000004,23),(45,26,253.96300000000002,27),(45,27,213.17300000000003,19),(45,28,251.68300000000002,27),(45,35,86.88300000000001,36),(45,36,45.133,37),(45,37,33.593,47),(45,41,116.69999999999999,43),(45,42,126.53199999999998,41),(45,43,105.00999999999999,44),(45,44,60.98,45),(45,46,10.92,45),(45,47,27.991,48),(45,48,23.439999999999998,46),(45,49,118.33,136),(45,52,133.04,49),(45,93,301.903,24),(45,96,305.133,4),(45,111,261.683,28),(45,113,209.733,21),(45,115,303.649,93),(45,130,147.95,52),(45,136,87.3,48),(46,1,368.715,2),(46,2,359.613,3),(46,3,330.303,96),(46,4,266.563,26),(46,19,170.543,20),(46,20,138.233,35),(46,21,185.813,20),(46,22,215.523,113),(46,23,240.323,22),(46,24,254.333,23),(46,26,243.043,27),(46,27,202.25300000000001,19),(46,28,240.763,27),(46,35,75.963,36),(46,36,34.212999999999994,37),(46,37,22.673,47),(46,41,127.61999999999999,43),(46,42,137.45199999999997,41),(46,43,115.92999999999999,44),(46,44,71.89999999999999,45),(46,45,10.92,46),(46,47,17.070999999999998,48),(46,48,12.52,46),(46,49,107.41,136),(46,52,122.12,49),(46,93,290.983,24),(46,96,294.21299999999997,4),(46,111,250.763,28),(46,113,198.813,21),(46,115,292.729,93),(46,130,137.03,52),(46,136,76.38,48),(47,1,351.64399999999995,2),(47,2,342.542,3),(47,3,313.23199999999997,96),(47,4,249.49200000000002,26),(47,19,153.472,20),(47,20,121.162,35),(47,21,168.74200000000002,20),(47,22,198.45200000000003,113),(47,23,223.25200000000004,22),(47,24,237.26200000000003,23),(47,26,225.972,27),(47,27,185.18200000000002,19),(47,28,223.692,27),(47,35,58.891999999999996,36),(47,36,17.142,37),(47,37,5.602,47),(47,38,15.564,37),(47,39,27.584,38),(47,40,132.284,39),(47,44,88.97099999999999,45),(47,45,27.991,46),(47,46,17.070999999999998,48),(47,48,4.551,47),(47,49,99.441,136),(47,50,109.062,49),(47,52,114.151,49),(47,54,56.751999999999995,36),(47,93,273.91200000000003,24),(47,96,277.142,4),(47,106,197.68200000000002,27),(47,111,233.692,28),(47,113,181.74200000000002,21),(47,115,275.658,93),(47,129,84.021,136),(47,130,129.061,52),(47,136,68.411,48),(48,1,356.195,2),(48,2,347.093,3),(48,3,317.783,96),(48,4,254.043,26),(48,19,158.023,20),(48,20,125.713,35),(48,21,173.293,20),(48,22,203.00300000000001,113),(48,23,227.80300000000003,22),(48,24,241.81300000000002,23),(48,26,230.523,27),(48,27,189.733,19),(48,28,228.243,27),(48,35,63.443,36),(48,36,21.692999999999998,37),(48,37,10.153,47),(48,38,20.115000000000002,37),(48,39,32.135,38),(48,40,136.83499999999998,39),(48,41,140.14,43),(48,42,149.97199999999998,41),(48,43,128.45,44),(48,44,84.41999999999999,45),(48,45,23.439999999999998,46),(48,46,12.52,48),(48,47,4.551,48),(48,49,94.89,136),(48,50,104.511,49),(48,52,109.6,49),(48,54,61.303,36),(48,93,278.463,24),(48,96,281.693,4),(48,106,202.233,27),(48,111,238.243,28),(48,113,186.293,21),(48,115,280.209,93),(48,127,13.75,48),(48,129,79.47,136),(48,130,124.51,52),(48,136,63.86,48),(49,19,252.91299999999998,20),(49,20,220.603,35),(49,21,268.183,20),(49,22,297.893,113),(49,23,322.693,22),(49,24,336.703,23),(49,27,284.62300000000005,19),(49,35,158.333,36),(49,36,116.583,37),(49,37,105.043,47),(49,38,115.005,37),(49,39,127.025,38),(49,40,231.725,39),(49,41,235.03,43),(49,42,244.862,41),(49,43,223.34,44),(49,44,179.30999999999997,45),(49,45,118.33,46),(49,46,107.41,48),(49,47,99.441,48),(49,48,94.89,136),(49,50,9.621,49),(49,51,91.89099999999999,50),(49,52,14.71,49),(49,54,156.19299999999998,36),(49,93,373.35299999999995,24),(49,106,297.12300000000005,27),(49,113,281.183,21),(49,115,375.09899999999993,93),(49,130,29.62,52),(49,136,31.03,49),(50,20,230.22400000000002,35),(50,21,277.80400000000003,20),(50,22,307.514,113),(50,23,332.314,22),(50,24,346.324,23),(50,35,167.954,36),(50,36,126.20400000000001,37),(50,37,114.664,47),(50,47,109.062,48),(50,48,104.511,136),(50,49,9.621,50),(50,51,82.27,50),(50,52,24.331000000000003,49),(50,93,382.974,24),(50,113,290.80400000000003,21),(50,115,384.71999999999997,93),(50,130,39.241,52),(50,132,43.18,50),(50,133,41.84,50),(50,136,40.651,49),(51,49,91.89099999999999,50),(51,50,82.27,51),(51,52,106.601,49),(51,130,121.511,52),(51,134,33.68,51),(51,135,23.21,51),(52,19,267.623,20),(52,20,235.31300000000002,35),(52,21,282.89300000000003,20),(52,22,312.603,113),(52,23,337.403,22),(52,24,351.413,23),(52,27,299.333,19),(52,35,173.043,36),(52,36,131.293,37),(52,37,119.753,47),(52,38,129.715,37),(52,39,141.735,38),(52,40,246.435,39),(52,41,249.74,43),(52,42,259.572,41),(52,43,238.05,44),(52,44,194.01999999999998,45),(52,45,133.04,46),(52,46,122.12,48),(52,47,114.151,48),(52,48,109.6,136),(52,49,14.71,52),(52,50,24.331000000000003,49),(52,51,106.601,50),(52,53,25.13,52),(52,54,170.903,36),(52,93,388.063,24),(52,106,311.833,27),(52,113,295.89300000000003,21),(52,115,389.80899999999997,93),(52,130,14.91,52),(52,136,45.74,49),(53,52,25.13,53),(53,130,40.04,52),(54,1,374.1119999999999,2),(54,2,365.00999999999993,3),(54,3,335.69999999999993,96),(54,4,271.96,26),(54,19,175.94,20),(54,20,143.63,35),(54,21,191.20999999999998,20),(54,22,220.92,113),(54,23,245.72,22),(54,24,259.73,23),(54,26,248.44,27),(54,27,207.65,19),(54,28,246.16,27),(54,35,81.36,36),(54,36,39.61,54),(54,37,51.15,36),(54,47,56.751999999999995,37),(54,48,61.303,47),(54,49,156.19299999999998,136),(54,52,170.903,49),(54,93,296.38,24),(54,96,299.60999999999996,4),(54,111,256.15999999999997,28),(54,113,204.20999999999998,21),(54,115,298.126,93),(54,124,30,54),(54,125,24.05,54),(54,127,26.23,54),(54,128,35.28,54),(54,130,185.813,52),(54,136,125.163,48),(55,1,325.40500000000003,2),(55,2,316.30300000000005,3),(55,3,286.99300000000005,96),(55,4,223.25300000000001,26),(55,19,127.233,20),(55,20,94.923,21),(55,21,47.343,29),(55,22,77.053,113),(55,23,101.853,22),(55,24,115.863,23),(55,26,199.733,27),(55,27,158.943,19),(55,29,9.733,55),(55,56,23.08,55),(55,57,148.78,56),(55,58,204.32999999999998,57),(55,93,152.513,24),(55,96,250.90300000000002,4),(55,111,125.863,24),(55,113,60.343,21),(55,115,154.25900000000001,93),(55,144,204.11,57),(56,1,348.48499999999996,2),(56,2,339.383,3),(56,3,310.073,96),(56,4,246.333,26),(56,19,150.313,20),(56,20,118.003,21),(56,21,70.423,29),(56,22,100.13300000000001,113),(56,23,124.933,22),(56,24,138.943,23),(56,26,222.813,27),(56,27,182.023,19),(56,29,32.813,55),(56,55,23.08,56),(56,57,125.7,56),(56,58,181.25,57),(56,93,175.59300000000002,24),(56,96,273.983,4),(56,111,148.943,24),(56,113,83.423,21),(56,115,177.33900000000003,93),(56,144,181.03,57),(57,21,196.123,29),(57,22,225.833,113),(57,23,250.633,22),(57,24,264.64300000000003,23),(57,29,158.513,55),(57,55,148.78,56),(57,56,125.7,57),(57,58,55.55,57),(57,93,301.293,24),(57,111,274.64300000000003,24),(57,113,209.123,21),(57,115,303.039,93),(57,139,22.76,57),(57,144,55.33,57),(58,21,251.673,29),(58,22,281.383,113),(58,23,306.183,22),(58,24,320.193,23),(58,29,214.063,55),(58,55,204.32999999999998,56),(58,56,181.25,57),(58,57,55.55,58),(58,93,356.84299999999996,24),(58,113,264.673,21),(58,115,358.58899999999994,93),(58,145,55.78,58),(59,60,19.74,59),(60,59,19.74,60),(60,61,12.98,60),(61,60,12.98,61),(61,62,34.75,61),(62,61,34.75,62),(62,63,133.1,62),(63,62,133.1,63),(63,64,32.32,63),(63,89,34.56,63),(64,63,32.32,64),(64,65,22.53,64),(64,67,47.02,64),(65,64,22.53,65),(65,66,38.85,65),(66,65,38.85,66),(67,64,47.02,67),(67,68,212.4,67),(67,91,90.21,67),(68,21,228,29),(68,22,257.71,113),(68,23,282.51,22),(68,24,296.52,23),(68,29,190.39,30),(68,30,147.78,70),(68,67,212.4,68),(68,69,30.82,68),(68,70,78.47,69),(68,72,97.86,68),(68,93,333.16999999999996,24),(68,113,241,21),(68,115,334.91599999999994,93),(69,21,197.18,29),(69,22,226.89000000000001,113),(69,23,251.69000000000003,22),(69,24,265.70000000000005,23),(69,29,159.57,30),(69,30,116.96000000000001,70),(69,68,30.82,69),(69,70,47.65,69),(69,73,97.89,69),(69,93,302.35,24),(69,111,275.70000000000005,24),(69,113,210.18,21),(69,115,304.096,93),(69,141,6.56,69),(70,1,427.5919999999999,2),(70,2,418.48999999999995,3),(70,3,389.17999999999995,96),(70,4,325.44,26),(70,19,229.42000000000002,20),(70,20,197.11,21),(70,21,149.53,29),(70,22,179.24,113),(70,23,204.04000000000002,22),(70,24,218.05,23),(70,26,301.92,27),(70,27,261.13,19),(70,29,111.92,30),(70,30,69.31,70),(70,68,78.47,69),(70,69,47.65,70),(70,76,55.79,70),(70,93,254.70000000000002,24),(70,96,353.09,4),(70,111,228.05,24),(70,113,162.53,21),(70,115,256.446,93),(70,137,15.46,70),(71,1,368.3619999999999,2),(71,2,359.25999999999993,3),(71,3,329.94999999999993,96),(71,4,266.21,26),(71,19,170.19,20),(71,20,137.88,21),(71,21,90.3,29),(71,22,120.00999999999999,113),(71,23,144.81,22),(71,24,158.82,23),(71,26,242.69,27),(71,27,201.9,19),(71,29,52.69,30),(71,30,10.08,71),(71,93,195.47,24),(71,96,293.85999999999996,4),(71,111,168.82,24),(71,113,103.3,21),(71,115,197.216,93),(71,138,17.66,71),(72,1,423.0879999999999,2),(72,2,413.98599999999993,3),(72,3,384.67599999999993,96),(72,4,320.936,26),(72,24,254.32599999999996,25),(72,25,227.93599999999998,33),(72,26,297.416,25),(72,33,147.666,75),(72,68,97.86,72),(72,73,31.03,72),(72,74,69.03,73),(72,75,78.096,74),(72,86,73.62,72),(72,88,106.61000000000001,86),(72,93,290.97599999999994,24),(72,96,348.58599999999996,4),(72,111,264.32599999999996,24),(72,115,292.7219999999999,93),(73,1,392.05799999999994,2),(73,2,382.95599999999996,3),(73,3,353.64599999999996,96),(73,4,289.906,26),(73,24,223.296,25),(73,25,196.906,33),(73,26,266.386,25),(73,33,116.636,75),(73,69,97.89,73),(73,72,31.03,73),(73,74,38,73),(73,75,47.066,74),(73,86,104.65,72),(73,88,137.64000000000001,86),(73,93,259.94599999999997,24),(73,96,317.556,4),(73,111,233.296,24),(73,115,261.69199999999995,93),(74,1,354.05800000000005,2),(74,2,344.9560000000001,3),(74,3,315.6460000000001,96),(74,4,251.90600000000003,26),(74,24,185.296,25),(74,25,158.906,33),(74,26,228.38600000000002,25),(74,33,78.636,75),(74,72,69.03,73),(74,73,38,74),(74,75,9.066,74),(74,86,142.65,72),(74,87,73.64,74),(74,88,175.64000000000001,86),(74,93,221.946,24),(74,96,279.55600000000004,4),(74,111,195.296,24),(74,115,223.692,93),(74,143,42.03,74),(75,1,344.992,2),(75,2,335.89000000000004,3),(75,3,306.58000000000004,96),(75,4,242.84,26),(75,24,176.22999999999996,25),(75,25,149.83999999999997,33),(75,26,219.32,25),(75,33,69.57,75),(75,72,78.096,73),(75,73,47.066,74),(75,74,9.066,75),(75,76,42.13,75),(75,86,151.716,72),(75,88,184.70600000000002,86),(75,93,212.87999999999997,24),(75,96,270.49,4),(75,111,186.22999999999996,24),(75,115,214.62599999999998,93),(76,1,387.1219999999999,2),(76,2,378.0199999999999,3),(76,3,348.7099999999999,96),(76,4,284.96999999999997,26),(76,22,173.25,34),(76,23,198.05,22),(76,24,212.06,23),(76,25,191.96999999999997,33),(76,26,261.45,25),(76,31,93.59,92),(76,33,111.69999999999999,75),(76,34,138.11,31),(76,70,55.79,76),(76,75,42.13,76),(76,92,69.55,76),(76,93,248.71,24),(76,96,312.61999999999995,4),(76,111,222.06,24),(76,115,250.45600000000002,93),(76,142,16.89,76),(77,1,309.43199999999996,2),(77,2,300.33,3),(77,3,271.02,96),(77,4,207.28,26),(77,24,140.67000000000002,25),(77,25,114.28,33),(77,26,183.76,25),(77,33,34.01,77),(77,78,39.68,77),(77,83,43.76,77),(77,87,117.66,78),(77,93,177.32000000000002,24),(77,96,234.93,4),(77,111,150.67000000000002,24),(77,115,179.06600000000003,93),(78,1,349.112,2),(78,2,340.01000000000005,3),(78,3,310.70000000000005,96),(78,4,246.96,26),(78,24,180.34999999999997,25),(78,25,153.95999999999998,33),(78,26,223.44,25),(78,33,73.69,77),(78,77,39.68,78),(78,79,43.06,78),(78,87,77.98,78),(78,93,216.99999999999997,24),(78,96,274.61,4),(78,111,190.34999999999997,24),(78,115,218.74599999999998,93),(79,1,306.662,2),(79,2,297.56,3),(79,3,268.25,96),(79,4,204.51000000000002,26),(79,24,137.9,25),(79,25,111.51,82),(79,26,180.99,25),(79,78,43.06,79),(79,80,37.54,79),(79,82,76.87,80),(79,84,13.98,79),(79,85,17.36,79),(79,93,174.55,24),(79,96,232.16000000000003,4),(79,111,147.9,24),(79,115,176.29600000000002,93),(80,1,269.12199999999996,2),(80,2,260.02,3),(80,3,230.71,96),(80,4,166.97,26),(80,24,100.36,25),(80,25,73.97,82),(80,26,143.45,25),(80,79,37.54,80),(80,81,54.06,80),(80,82,39.33,80),(80,85,54.9,79),(80,93,137.01,24),(80,96,194.62,4),(80,111,110.36,24),(80,115,138.756,93),(81,1,323.18199999999996,2),(81,2,314.08,3),(81,3,284.77,96),(81,4,221.03,26),(81,24,154.42000000000002,25),(81,25,128.03,82),(81,26,197.51,25),(81,80,54.06,81),(81,82,93.39,80),(81,93,191.07000000000002,24),(81,96,248.68,4),(81,99,19.91,81),(81,111,164.42000000000002,24),(81,115,192.81600000000003,93),(82,1,229.792,2),(82,2,220.69,3),(82,3,191.38,96),(82,4,127.64,26),(82,24,61.03,25),(82,25,34.64,82),(82,26,104.12,25),(82,79,76.87,80),(82,80,39.33,82),(82,81,93.39,80),(82,83,37.04,82),(82,84,77.47999999999999,83),(82,85,94.22999999999999,79),(82,93,97.68,24),(82,96,155.29,4),(82,111,71.03,24),(82,115,99.426,93),(83,1,266.832,2),(83,2,257.73,3),(83,3,228.42000000000004,96),(83,4,164.68000000000004,26),(83,24,98.07000000000001,25),(83,25,71.68,82),(83,26,141.16000000000003,25),(83,77,43.76,83),(83,82,37.04,83),(83,84,40.44,83),(83,93,134.72,24),(83,96,192.33000000000004,4),(83,111,108.07000000000001,24),(83,114,4.58,83),(83,115,136.466,93),(84,1,307.272,2),(84,2,298.17,3),(84,3,268.86,96),(84,4,205.12,26),(84,24,138.51,25),(84,25,112.11999999999999,82),(84,26,181.6,25),(84,79,13.98,84),(84,82,77.47999999999999,83),(84,83,40.44,84),(84,93,175.16,24),(84,96,232.77,4),(84,111,148.51,24),(84,115,176.906,93),(85,1,324.022,2),(85,2,314.92,3),(85,3,285.61,96),(85,4,221.87000000000003,26),(85,24,155.26,25),(85,25,128.87,82),(85,26,198.35000000000002,25),(85,79,17.36,85),(85,80,54.9,79),(85,82,94.22999999999999,80),(85,93,191.91,24),(85,96,249.52000000000004,4),(85,111,165.26,24),(85,115,193.656,93),(86,24,327.94599999999997,25),(86,25,301.556,33),(86,33,221.286,75),(86,72,73.62,86),(86,73,104.65,72),(86,74,142.65,73),(86,75,151.716,74),(86,87,70.31,86),(86,88,32.99,86),(86,93,364.59599999999995,24),(86,115,366.3419999999999,93),(87,1,427.0919999999999,2),(87,2,417.98999999999995,3),(87,3,388.67999999999995,96),(87,4,324.94,26),(87,24,258.33,25),(87,25,231.94,33),(87,26,301.42,25),(87,33,151.67,77),(87,74,73.64,87),(87,77,117.66,78),(87,78,77.98,87),(87,86,70.31,87),(87,93,294.97999999999996,24),(87,96,352.59,4),(87,111,268.33,24),(87,115,296.72599999999994,93),(88,24,360.936,25),(88,25,334.546,33),(88,33,254.276,75),(88,72,106.61000000000001,86),(88,73,137.64000000000001,72),(88,74,175.64000000000001,73),(88,75,184.70600000000002,74),(88,86,32.99,88),(88,93,397.58599999999996,24),(88,115,399.33199999999994,93),(89,63,34.56,89),(89,90,30.64,89),(90,89,30.64,90),(91,67,90.21,91),(91,140,10.53,91),(91,145,46.71,91),(92,1,318.612,2),(92,2,309.51000000000005,3),(92,3,280.20000000000005,96),(92,4,216.46,26),(92,22,103.7,34),(92,23,128.5,22),(92,24,142.51,23),(92,25,123.46,33),(92,26,192.94,25),(92,31,24.04,92),(92,32,15.66,92),(92,33,43.19,32),(92,34,68.56,31),(92,76,69.55,92),(92,93,179.16,24),(92,96,244.11,4),(92,111,152.51,24),(92,115,180.906,93),(92,142,5.171,92),(93,1,258.192,2),(93,2,249.09000000000003,3),(93,3,219.78000000000003,96),(93,4,156.04000000000002,26),(93,5,279.02,2),(93,6,247.82000000000002,8),(93,7,244.38000000000002,3),(93,8,220.26000000000002,107),(93,9,168.3,4),(93,10,283.46,6),(93,11,296.27,12),(93,12,277.28999999999996,13),(93,13,252.11999999999998,14),(93,14,233.96,15),(93,15,206.94000000000003,9),(93,16,274.77,17),(93,17,252.61999999999998,18),(93,18,210.20999999999998,19),(93,19,152.32,27),(93,20,152.75,21),(93,21,105.17000000000002,113),(93,22,75.46000000000001,23),(93,23,50.66,24),(93,24,36.65,93),(93,25,63.04,24),(93,26,132.52,25),(93,27,120.61000000000001,28),(93,28,82.1,23),(93,29,142.78,21),(93,30,185.39000000000001,29),(93,31,155.12,34),(93,32,10000,93),(93,33,143.31,25),(93,34,110.6,22),(93,35,215.02,20),(93,36,256.77000000000004,35),(93,37,268.31,36),(93,38,278.272,37),(93,39,290.29200000000003,38),(93,40,394.99199999999996,39),(93,44,362.883,45),(93,45,301.903,46),(93,46,290.983,48),(93,47,273.91200000000003,37),(93,48,278.463,47),(93,49,373.35299999999995,136),(93,50,382.974,49),(93,52,388.063,49),(93,54,296.38,36),(93,55,152.513,29),(93,56,175.59300000000002,55),(93,57,301.293,56),(93,58,356.84299999999996,57),(93,68,333.16999999999996,69),(93,69,302.35,70),(93,70,254.70000000000002,30),(93,71,195.47,30),(93,72,290.97599999999994,73),(93,73,259.94599999999997,74),(93,74,221.946,75),(93,75,212.87999999999997,33),(93,76,248.71,92),(93,77,177.32000000000002,33),(93,78,216.99999999999997,77),(93,79,174.55,80),(93,80,137.01,82),(93,81,191.07000000000002,80),(93,82,97.68,25),(93,83,134.72,82),(93,84,175.16,83),(93,85,191.91,79),(93,86,364.59599999999995,72),(93,87,294.97999999999996,78),(93,88,397.58599999999996,86),(93,92,179.16,31),(93,96,183.69000000000003,4),(93,107,194.28,9),(93,111,46.65,24),(93,113,92.17,22),(93,115,1.746,93),(93,130,402.97299999999996,52),(93,136,342.323,48),(93,144,356.623,57),(94,3,14.67,94),(95,96,14.55,95),(96,1,74.50200000000001,2),(96,2,65.4,3),(96,3,36.09,96),(96,4,27.65,96),(96,5,95.33,2),(96,7,60.690000000000005,3),(96,9,39.91,4),(96,14,105.57,15),(96,15,78.55,9),(96,18,119.69999999999999,15),(96,19,123.66999999999999,27),(96,20,155.98000000000002,19),(96,21,203.56,20),(96,22,185.85000000000002,23),(96,23,161.05,24),(96,24,147.04,25),(96,25,120.65,26),(96,26,51.17,4),(96,27,91.96000000000001,26),(96,28,130.47,27),(96,29,241.17000000000002,21),(96,30,283.78,29),(96,31,265.51000000000005,34),(96,32,228.45000000000002,33),(96,33,200.92000000000002,25),(96,34,220.99,22),(96,35,218.25000000000003,20),(96,36,260,35),(96,37,271.54,36),(96,38,281.502,37),(96,39,293.522,38),(96,45,305.133,46),(96,46,294.21299999999997,48),(96,47,277.142,37),(96,48,281.693,47),(96,54,299.60999999999996,36),(96,55,250.90300000000002,29),(96,56,273.983,55),(96,70,353.09,30),(96,71,293.85999999999996,30),(96,72,348.58599999999996,73),(96,73,317.556,74),(96,74,279.55600000000004,75),(96,75,270.49,33),(96,76,312.61999999999995,75),(96,77,234.93,33),(96,78,274.61,77),(96,79,232.16000000000003,80),(96,80,194.62,82),(96,81,248.68,80),(96,82,155.29,25),(96,83,192.33000000000004,82),(96,84,232.77,83),(96,85,249.52000000000004,79),(96,87,352.59,78),(96,92,244.11,32),(96,93,183.69000000000003,24),(96,95,14.55,96),(96,97,21.96,96),(96,110,147.98,28),(96,111,140.47,28),(96,113,202.56,22),(96,115,185.43600000000004,93),(96,129,361.163,136),(96,136,345.553,48),(97,26,14.63,97),(97,96,21.96,97),(97,98,20,97),(98,97,20,98),(99,81,19.91,99),(100,8,9.6,100),(101,107,8.3,101),(102,11,2.4,102),(103,13,4.4,103),(104,13,7.85,104),(105,14,17.32,105),(105,17,3.124,105),(106,19,44.21,27),(106,20,76.52000000000001,19),(106,27,12.5,106),(106,35,138.79000000000002,20),(106,36,180.54000000000002,35),(106,37,192.08,36),(106,47,197.68200000000002,37),(106,48,202.233,47),(106,49,297.12300000000005,136),(106,52,311.833,49),(106,130,326.74300000000005,52),(106,136,266.093,48),(107,1,123.90200000000002,2),(107,2,114.80000000000001,3),(107,3,85.49000000000001,7),(107,4,38.24,9),(107,6,53.54,8),(107,7,60.89,8),(107,8,25.98,107),(107,9,25.98,107),(107,10,89.18,6),(107,24,157.63,25),(107,25,131.24,26),(107,26,61.760000000000005,4),(107,27,102.55000000000001,26),(107,28,141.06,27),(107,93,194.28,24),(107,101,8.3,107),(107,111,151.06,28),(107,115,196.026,93),(108,28,18,108),(109,27,17,109),(109,28,17,109),(110,1,222.482,2),(110,2,213.38,3),(110,3,184.07,96),(110,4,120.33,26),(110,26,96.81,27),(110,27,56.019999999999996,28),(110,28,17.51,110),(110,96,147.98,4),(111,1,214.972,2),(111,2,205.87,3),(111,3,176.56,96),(111,4,112.82,26),(111,5,235.79999999999998,2),(111,6,204.6,8),(111,7,201.16,3),(111,8,177.04,107),(111,9,125.07999999999998,4),(111,10,240.24,6),(111,11,253.04999999999998,12),(111,12,234.07,13),(111,13,208.89999999999998,14),(111,14,190.73999999999998,15),(111,15,163.72,9),(111,16,202.67,17),(111,17,180.51999999999998,18),(111,18,138.10999999999999,19),(111,19,80.22,27),(111,20,112.53,19),(111,21,78.52000000000001,113),(111,22,48.81,23),(111,23,24.009999999999998,24),(111,24,10,111),(111,25,36.39,24),(111,26,89.3,27),(111,27,48.51,28),(111,28,10,111),(111,29,116.13,21),(111,30,158.74,29),(111,31,128.47,34),(111,32,144.19,33),(111,33,116.66,25),(111,34,83.95,22),(111,35,174.8,20),(111,36,216.55,35),(111,37,228.09,36),(111,38,238.052,37),(111,39,250.072,38),(111,45,261.683,46),(111,46,250.763,48),(111,47,233.692,37),(111,48,238.243,47),(111,54,256.15999999999997,36),(111,55,125.863,29),(111,56,148.943,55),(111,57,274.64300000000003,56),(111,69,275.70000000000005,70),(111,70,228.05,30),(111,71,168.82,30),(111,72,264.32599999999996,73),(111,73,233.296,74),(111,74,195.296,75),(111,75,186.22999999999996,33),(111,76,222.06,92),(111,77,150.67000000000002,33),(111,78,190.34999999999997,77),(111,79,147.9,80),(111,80,110.36,82),(111,81,164.42000000000002,80),(111,82,71.03,25),(111,83,108.07000000000001,82),(111,84,148.51,83),(111,85,165.26,79),(111,87,268.33,78),(111,92,152.51,31),(111,93,46.65,24),(111,96,140.47,4),(111,107,151.06,9),(111,113,65.52000000000001,22),(111,125,280.21000000000004,54),(112,113,6.375,112),(113,1,277.06199999999995,2),(113,2,267.96,3),(113,3,238.65,96),(113,4,174.91,26),(113,20,60.58,21),(113,21,13,113),(113,22,16.71,113),(113,23,41.510000000000005,22),(113,24,55.52,23),(113,25,81.91,24),(113,26,151.39,25),(113,29,50.61,21),(113,30,93.22,29),(113,35,122.85,20),(113,36,164.60000000000002,35),(113,37,176.14,36),(113,38,186.10199999999998,37),(113,39,198.122,38),(113,40,302.822,39),(113,44,270.713,45),(113,45,209.733,46),(113,46,198.813,48),(113,47,181.74200000000002,37),(113,48,186.293,47),(113,49,281.183,136),(113,50,290.80400000000003,49),(113,52,295.89300000000003,49),(113,54,204.20999999999998,36),(113,55,60.343,29),(113,56,83.423,55),(113,57,209.123,56),(113,58,264.673,57),(113,68,241,69),(113,69,210.18,70),(113,70,162.53,30),(113,71,103.3,30),(113,93,92.17,24),(113,96,202.56,4),(113,111,65.52000000000001,24),(113,112,6.375,113),(113,115,93.916,93),(113,130,310.803,52),(113,136,250.15300000000002,48),(113,144,264.45300000000003,57),(114,83,4.58,114),(115,1,259.93800000000005,2),(115,2,250.83600000000004,3),(115,3,221.52600000000004,96),(115,4,157.78600000000003,26),(115,5,280.76599999999996,2),(115,6,249.56600000000003,8),(115,7,246.12600000000003,3),(115,8,222.00600000000003,107),(115,9,170.04600000000002,4),(115,10,285.20599999999996,6),(115,11,298.01599999999996,12),(115,12,279.03599999999994,13),(115,13,253.86599999999999,14),(115,14,235.70600000000002,15),(115,15,208.68600000000004,9),(115,16,276.51599999999996,17),(115,17,254.36599999999999,18),(115,18,211.956,19),(115,19,154.066,27),(115,20,154.496,21),(115,21,106.91600000000001,113),(115,22,77.206,23),(115,23,52.406,24),(115,24,38.396,93),(115,25,64.786,24),(115,26,134.26600000000002,25),(115,27,122.35600000000001,28),(115,28,83.84599999999999,23),(115,29,144.526,21),(115,30,187.13600000000002,29),(115,31,156.866,34),(115,32,172.586,33),(115,33,145.056,25),(115,34,112.34599999999999,22),(115,35,216.76600000000002,20),(115,36,258.516,35),(115,37,270.056,36),(115,38,280.018,37),(115,39,292.038,38),(115,40,396.73799999999994,39),(115,44,364.62899999999996,45),(115,45,303.649,46),(115,46,292.729,48),(115,47,275.658,37),(115,48,280.209,47),(115,49,375.09899999999993,136),(115,50,384.71999999999997,49),(115,52,389.80899999999997,49),(115,54,298.126,36),(115,55,154.25900000000001,29),(115,56,177.33900000000003,55),(115,57,303.039,56),(115,58,358.58899999999994,57),(115,68,334.91599999999994,69),(115,69,304.096,70),(115,70,256.446,30),(115,71,197.216,30),(115,72,292.7219999999999,73),(115,73,261.69199999999995,74),(115,74,223.692,75),(115,75,214.62599999999998,33),(115,76,250.45600000000002,92),(115,77,179.06600000000003,33),(115,78,218.74599999999998,77),(115,79,176.29600000000002,80),(115,80,138.756,82),(115,81,192.81600000000003,80),(115,82,99.426,25),(115,83,136.466,82),(115,84,176.906,83),(115,85,193.656,79),(115,86,366.3419999999999,72),(115,87,296.72599999999994,78),(115,88,399.33199999999994,86),(115,92,180.906,31),(115,93,1.746,115),(115,96,185.43600000000004,4),(115,107,196.026,9),(115,113,93.916,22),(115,130,404.71899999999994,52),(115,136,344.06899999999996,48),(115,144,358.36899999999997,57),(116,34,3.321,116),(117,35,100,117),(118,35,120,118),(119,35,50,119),(120,35,53.5,120),(121,35,46.18,121),(122,35,120,122),(123,21,21.15,123),(124,54,30,124),(125,19,199.99,20),(125,20,167.68,35),(125,27,231.70000000000002,19),(125,28,270.21000000000004,27),(125,35,105.41,36),(125,36,63.66,54),(125,54,24.05,125),(125,111,280.21000000000004,28),(126,35,12.18,126),(127,48,13.75,127),(127,54,26.23,127),(128,54,35.28,128),(129,1,435.665,2),(129,2,426.56300000000005,3),(129,3,397.25300000000004,96),(129,4,333.51300000000003,26),(129,19,237.49300000000002,20),(129,20,205.18300000000002,35),(129,26,309.99300000000005,27),(129,27,269.20300000000003,19),(129,35,142.913,36),(129,36,101.16300000000001,37),(129,37,89.623,47),(129,47,84.021,48),(129,48,79.47,136),(129,96,361.163,4),(129,136,15.61,129),(130,19,282.533,20),(130,20,250.223,35),(130,21,297.803,20),(130,22,327.513,113),(130,23,352.313,22),(130,24,366.323,23),(130,27,314.24300000000005,19),(130,35,187.953,36),(130,36,146.203,37),(130,37,134.663,47),(130,38,144.625,37),(130,39,156.645,38),(130,40,261.345,39),(130,41,264.65000000000003,43),(130,42,274.482,41),(130,43,252.96,44),(130,44,208.92999999999998,45),(130,45,147.95,46),(130,46,137.03,48),(130,47,129.061,48),(130,48,124.51,136),(130,49,29.62,52),(130,50,39.241,49),(130,51,121.511,50),(130,52,14.91,130),(130,53,40.04,52),(130,54,185.813,36),(130,93,402.97299999999996,24),(130,106,326.74300000000005,27),(130,113,310.803,21),(130,115,404.71899999999994,93),(130,136,60.650000000000006,49),(131,44,15,131),(132,50,43.18,132),(133,50,41.84,133),(134,51,33.68,134),(135,51,23.21,135),(136,1,420.055,2),(136,2,410.95300000000003,3),(136,3,381.64300000000003,96),(136,4,317.903,26),(136,19,221.88299999999998,20),(136,20,189.573,35),(136,21,237.15300000000002,20),(136,22,266.863,113),(136,23,291.663,22),(136,24,305.673,23),(136,26,294.38300000000004,27),(136,27,253.59300000000002,19),(136,35,127.303,36),(136,36,85.553,37),(136,37,74.013,47),(136,38,83.975,37),(136,39,95.995,38),(136,40,200.695,39),(136,41,204,43),(136,42,213.832,41),(136,43,192.31,44),(136,44,148.27999999999997,45),(136,45,87.3,46),(136,46,76.38,48),(136,47,68.411,48),(136,48,63.86,136),(136,49,31.03,136),(136,50,40.651,49),(136,52,45.74,49),(136,54,125.163,36),(136,93,342.323,24),(136,96,345.553,4),(136,106,266.093,27),(136,113,250.15300000000002,21),(136,115,344.06899999999996,93),(136,129,15.61,136),(136,130,60.650000000000006,52),(137,70,15.46,137),(138,71,17.66,138),(139,57,22.76,139),(140,91,10.53,140),(141,69,6.56,141),(142,76,16.89,142),(142,92,5.171,142),(143,74,42.03,143),(144,21,251.45300000000003,29),(144,22,281.163,113),(144,23,305.963,22),(144,24,319.973,23),(144,29,213.84300000000002,55),(144,55,204.11,56),(144,56,181.03,57),(144,57,55.33,144),(144,93,356.623,24),(144,113,264.45300000000003,21),(144,115,358.36899999999997,93),(144,145,53.41,144),(145,58,55.78,145),(145,91,46.71,145),(145,144,53.41,145),(146,18,1,146),(147,17,15.94,147);
/*!40000 ALTER TABLE `dijkstra` ENABLE KEYS */;
UNLOCK TABLES;

--
-- Table structure for table `distance`
--

DROP TABLE IF EXISTS `distance`;
/*!40101 SET @saved_cs_client     = @@character_set_client */;
/*!50503 SET character_set_client = utf8mb4 */;
CREATE TABLE `distance` (
  `id1` int NOT NULL,
  `id2` int NOT NULL,
  `distance` double DEFAULT NULL,
  PRIMARY KEY (`id1`,`id2`)
) ENGINE=InnoDB DEFAULT CHARSET=utf8mb3;
/*!40101 SET character_set_client = @saved_cs_client */;

--
-- Dumping data for table `distance`
--

LOCK TABLES `distance` WRITE;
/*!40000 ALTER TABLE `distance` DISABLE KEYS */;
INSERT INTO `distance` VALUES (1,2,9.102),(3,2,29.31),(3,96,36.09),(4,26,23.52),(4,96,27.65),(5,2,29.93),(5,6,50.89),(6,10,35.64),(7,3,24.6),(7,8,34.91),(8,6,27.56),(8,107,25.98),(9,4,12.26),(9,15,38.64),(9,107,25.98),(10,11,17.02),(11,12,18.98),(12,13,25.17),(13,17,45.2),(14,13,18.16),(14,15,27.02),(16,17,22.15),(18,15,41.15),(18,17,42.41),(18,19,57.89),(18,146,1),(19,27,31.71),(20,19,32.31),(20,35,62.27),(21,20,47.58),(21,29,37.61),(21,113,13),(22,23,24.8),(22,113,16.71),(24,23,14.01),(24,25,26.39),(24,93,36.65),(26,25,69.48),(27,26,40.79),(27,28,38.51),(28,23,31.44),(29,30,42.61),(30,70,69.31),(31,30,30.75),(31,34,44.52),(31,92,24.04),(32,33,27.53),(32,92,15.66),(32,93,10000),(33,25,80.27),(33,75,69.57),(34,22,35.14),(34,116,3.321),(35,36,41.75),(37,36,11.54),(37,47,5.602),(38,37,9.962),(39,38,12.02),(40,39,104.7),(40,41,13.2),(41,42,9.832),(43,41,11.69),(44,43,44.03),(44,131,15),(45,44,60.98),(46,45,10.92),(46,48,12.52),(48,47,4.551),(48,136,63.86),(49,136,31.03),(50,49,9.621),(51,50,82.27),(52,49,14.71),(53,52,25.13),(54,36,39.61),(55,29,9.733),(55,56,23.08),(56,57,125.7),(57,58,55.55),(57,144,55.33),(58,145,55.78),(59,60,19.74),(60,61,12.98),(62,61,34.75),(62,63,133.1),(63,89,34.56),(64,63,32.32),(65,64,22.53),(66,65,38.85),(67,64,47.02),(67,68,212.4),(67,91,90.21),(68,69,30.82),(68,72,97.86),(69,73,97.89),(70,69,47.65),(70,76,55.79),(71,30,10.08),(72,73,31.03),(72,86,73.62),(74,73,38),(74,75,9.066),(74,87,73.64),(76,75,42.13),(76,92,69.55),(77,33,34.01),(77,78,39.68),(77,83,43.76),(78,87,77.98),(79,78,43.06),(80,79,37.54),(80,82,39.33),(81,80,54.06),(82,25,34.64),(83,82,37.04),(83,84,40.44),(84,79,13.98),(85,79,17.36),(86,87,70.31),(86,88,32.99),(89,90,30.64),(91,145,46.71),(94,3,14.67),(95,96,14.55),(97,26,14.63),(97,96,21.96),(97,98,20),(99,81,19.91),(100,8,9.6),(101,107,8.3),(102,11,2.4),(103,13,4.4),(104,13,7.85),(105,14,17.32),(105,17,3.124),(106,27,12.5),(108,28,18),(109,27,17),(109,28,17),(110,28,17.51),(111,24,10),(111,28,10),(112,113,6.375),(114,83,4.58),(115,93,1.746),(117,35,100),(118,35,120),(119,35,50),(120,35,53.5),(121,35,46.18),(122,35,120),(123,21,21.15),(124,54,30),(125,54,24.05),(126,35,12.18),(127,48,13.75),(127,54,26.23),(128,54,35.28),(129,136,15.61),(130,52,14.91),(132,50,43.18),(133,50,41.84),(134,51,33.68),(135,51,23.21),(137,70,15.46),(138,71,17.66),(139,57,22.76),(140,91,10.53),(141,69,6.56),(142,76,16.89),(142,92,5.171),(143,74,42.03),(144,145,53.41),(147,17,15.94);
/*!40000 ALTER TABLE `distance` ENABLE KEYS */;
UNLOCK TABLES;

--
-- Table structure for table `ghichu`
--

DROP TABLE IF EXISTS `ghichu`;
/*!40101 SET @saved_cs_client     = @@character_set_client */;
/*!50503 SET character_set_client = utf8mb4 */;
CREATE TABLE `ghichu` (
  `ID_ghi_chú` int NOT NULL AUTO_INCREMENT,
  `Nội_dung` varchar(20) CHARACTER SET utf8mb3 COLLATE utf8mb3_unicode_ci DEFAULT NULL,
  PRIMARY KEY (`ID_ghi_chú`),
  UNIQUE KEY `Nội_dung_UNIQUE` (`Nội_dung`)
) ENGINE=InnoDB AUTO_INCREMENT=5 DEFAULT CHARSET=utf8mb3 COLLATE=utf8mb3_unicode_ci;
/*!40101 SET character_set_client = @saved_cs_client */;

--
-- Dumping data for table `ghichu`
--

LOCK TABLES `ghichu` WRITE;
/*!40000 ALTER TABLE `ghichu` DISABLE KEYS */;
INSERT INTO `ghichu` VALUES (1,'ĐK lần đầu'),(4,'Học cải thiện'),(3,'Học lại'),(2,'Học tự do');
/*!40000 ALTER TABLE `ghichu` ENABLE KEYS */;
UNLOCK TABLES;

--
-- Table structure for table `giangduong`
--

DROP TABLE IF EXISTS `giangduong`;
/*!40101 SET @saved_cs_client     = @@character_set_client */;
/*!50503 SET character_set_client = utf8mb4 */;
CREATE TABLE `giangduong` (
  `Mã_tòa_nhà` varchar(11) NOT NULL,
  `Thông_tin` varchar(104) DEFAULT NULL,
  PRIMARY KEY (`Mã_tòa_nhà`),
  KEY `Mã_tòa_nhà` (`Mã_tòa_nhà`)
) ENGINE=InnoDB DEFAULT CHARSET=utf8mb3;
/*!40101 SET character_set_client = @saved_cs_client */;

--
-- Dumping data for table `giangduong`
--

LOCK TABLES `giangduong` WRITE;
/*!40000 ALTER TABLE `giangduong` DISABLE KEYS */;
INSERT INTO `giangduong` VALUES ('E5','Giảng đường.'),('G2','Giảng đường.'),('G3','Giảng đường.'),('GĐ2','Giảng đường 2. <br>Nhà ăn sinh viên.'),('Học online',''),('Sân VĐ ĐHNN','');
/*!40000 ALTER TABLE `giangduong` ENABLE KEYS */;
UNLOCK TABLES;

--
-- Table structure for table `giangvien`
--

DROP TABLE IF EXISTS `giangvien`;
/*!40101 SET @saved_cs_client     = @@character_set_client */;
/*!50503 SET character_set_client = utf8mb4 */;
CREATE TABLE `giangvien` (
  `ID_Giangvien` int NOT NULL,
  `Ten` varchar(24) DEFAULT NULL,
  PRIMARY KEY (`ID_Giangvien`)
) ENGINE=InnoDB DEFAULT CHARSET=utf8mb3;
/*!40101 SET character_set_client = @saved_cs_client */;

--
-- Dumping data for table `giangvien`
--

LOCK TABLES `giangvien` WRITE;
/*!40000 ALTER TABLE `giangvien` DISABLE KEYS */;
INSERT INTO `giangvien` VALUES (0,''),(1,'TS. Tạ Việt Cường'),(2,'CN. Đỗ Minh Khá'),(3,'TS. Lê Hồng Hải'),(4,'CN. Lê Thị Phương'),(5,'TS. Phạm Minh Triển'),(6,'ThS. Nguyễn Thu Trang'),(7,'CN. Nguyễn Tùng Lâm'),(8,'ThS. Mai Thanh Minh'),(9,'TS. Lưu Mạnh Hà'),(10,'CN. Lê Quốc Anh'),(11,'Công ty Framgia'),(12,'TS. Nguyễn Văn Thắng'),(13,'TS. Nguyễn Thị Thu Hường'),(14,'TT GDTC');
/*!40000 ALTER TABLE `giangvien` ENABLE KEYS */;
UNLOCK TABLES;

--
-- Table structure for table `lopmonhoc`
--

DROP TABLE IF EXISTS `lopmonhoc`;
/*!40101 SET @saved_cs_client     = @@character_set_client */;
/*!50503 SET character_set_client = utf8mb4 */;
CREATE TABLE `lopmonhoc` (
  `Mã_HP` varchar(7) NOT NULL,
  `Mã_LHP` varchar(10) NOT NULL,
  `Nhóm` varchar(2) NOT NULL,
  `Tuần` varchar(4) NOT NULL,
  `Thứ` int NOT NULL,
  `Tiết` varchar(5) NOT NULL,
  `Số_phòng` varchar(5) DEFAULT NULL,
  `Giảng_đường` varchar(11) DEFAULT NULL,
  `Số_SV` varchar(3) DEFAULT NULL,
  `Giảng_viên_1` int DEFAULT NULL,
  `Giảng_viên_2` int DEFAULT NULL,
  PRIMARY KEY (`Mã_HP`,`Mã_LHP`,`Nhóm`,`Tuần`,`Thứ`,`Tiết`),
  KEY `Giảng_đường` (`Giảng_đường`),
  KEY `Giảng_viên_1` (`Giảng_viên_1`,`Giảng_viên_2`),
  KEY `Giảng_viên_2` (`Giảng_viên_2`),
  CONSTRAINT `lopmonhoc_ibfk_1` FOREIGN KEY (`Giảng_đường`) REFERENCES `giangduong` (`Mã_tòa_nhà`),
  CONSTRAINT `lopmonhoc_ibfk_2` FOREIGN KEY (`Giảng_viên_1`) REFERENCES `giangvien` (`ID_Giangvien`),
  CONSTRAINT `lopmonhoc_ibfk_3` FOREIGN KEY (`Giảng_viên_2`) REFERENCES `giangvien` (`ID_Giangvien`)
) ENGINE=InnoDB DEFAULT CHARSET=utf8mb3;
/*!40101 SET character_set_client = @saved_cs_client */;

--
-- Dumping data for table `lopmonhoc`
--

LOCK TABLES `lopmonhoc` WRITE;
/*!40000 ALTER TABLE `lopmonhoc` DISABLE KEYS */;
INSERT INTO `lopmonhoc` VALUES ('ELT2035','21','CL','',6,'10-12','301','GĐ2','50',9,10),('HIS1001','20','CL','',7,'9-10','3','G3','110',13,0),('INT2204','22','1','2-7',2,'1-2','PM208','G2','30',6,7),('INT2204','22','1','2-7',6,'1-2','PM305','G2','30',6,7),('INT2204','22','1','8-10',2,'1-2','','Học online','30',6,7),('INT2204','22','4','2-7',3,'11-12','PM305','G2','30',8,0),('INT2204','22','4','2-7',3,'9-10','PM305','G2','30',8,0),('INT2204','22','4','8-10',3,'11-12','','Học online','30',8,0),('INT2204','22','CL','1-6',3,'1-2','301','G2','120',6,0),('INT2204','22','CL','1-6',4,'1-2','301','G2','120',6,0),('INT2204','22','CL','7-9',4,'1-2','','Học online','120',6,0),('INT2210','24','2','2-7',7,'1-2','PM402','E5','40',1,2),('INT2210','24','2','2-7',7,'3-4','PM402','E5','40',1,2),('INT2210','24','2','8-10',7,'1-2','','Học online','40',1,2),('INT2210','24','CL','1-6',2,'10-11','308','GĐ2','70',1,0),('INT2210','24','CL','1-6',2,'8-9','308','GĐ2','70',1,0),('INT2210','24','CL','7-9',2,'10-11','','Học online','70',1,0),('INT2211','24','1','2-8',5,'7-8','','Học online','33',3,4),('INT2211','24','2','9-15',5,'7-8','PM207','G2','33',3,4),('INT2211','24','CL','',5,'1-2','103','G2','66',3,0),('INT2212','24','CL','',4,'9-12','107','G2','80',5,0),('JAP4023','1','CL','',2,'3-4','312','GĐ2','20',11,0),('JAP4023','1','CL','',3,'3-4','312','GĐ2','20',11,0),('JAP4023','1','CL','',4,'3-4','312','GĐ2','20',11,0),('JAP4023','1','CL','',5,'3-4','312','GĐ2','20',11,0),('JAP4023','1','CL','',6,'3-4','312','GĐ2','20',11,0),('MAT1101','10','CL','',5,'7-9','3','G3','110',12,0),('PES1003','1','CL','',2,'1-2','','Sân VĐ ĐHNN','',14,0),('PES1003','2','CL','',2,'3-4','','Sân VĐ ĐHNN','',14,0);
/*!40000 ALTER TABLE `lopmonhoc` ENABLE KEYS */;
UNLOCK TABLES;

--
-- Table structure for table `monhoc`
--

DROP TABLE IF EXISTS `monhoc`;
/*!40101 SET @saved_cs_client     = @@character_set_client */;
/*!50503 SET character_set_client = utf8mb4 */;
CREATE TABLE `monhoc` (
  `Mã_HP` varchar(7) NOT NULL,
  `Tên_môn_học` varchar(30) DEFAULT NULL,
  `Số_TC` int DEFAULT NULL,
  PRIMARY KEY (`Mã_HP`)
) ENGINE=InnoDB DEFAULT CHARSET=utf8mb3;
/*!40101 SET character_set_client = @saved_cs_client */;

--
-- Dumping data for table `monhoc`
--

LOCK TABLES `monhoc` WRITE;
/*!40000 ALTER TABLE `monhoc` DISABLE KEYS */;
INSERT INTO `monhoc` VALUES ('ELT2035','Tín hiệu và hệ thống',3),('HIS1001','Lịch sử Đảng Cộng sản Việt Nam',2),('INT2204','Lập trình hướng đối tượng',3),('INT2210','Cấu trúc dữ liệu và giải thuật',4),('INT2211','Cơ sở dữ liệu',4),('INT2212','Kiến trúc máy tính',4),('JAP4023','Tiếng Nhật 2A',4),('MAT1101','Xác suất thống kê',3),('PES1003','Điền kinh',1);
/*!40000 ALTER TABLE `monhoc` ENABLE KEYS */;
UNLOCK TABLES;

--
-- Table structure for table `points`
--

DROP TABLE IF EXISTS `points`;
/*!40101 SET @saved_cs_client     = @@character_set_client */;
/*!50503 SET character_set_client = utf8mb4 */;
CREATE TABLE `points` (
  `id` int NOT NULL,
  `name` varchar(20) DEFAULT NULL,
  `main` int DEFAULT NULL,
  `posY` decimal(10,8) DEFAULT NULL,
  `posX` decimal(11,8) DEFAULT NULL,
  PRIMARY KEY (`id`)
) ENGINE=InnoDB DEFAULT CHARSET=utf8mb3;
/*!40101 SET character_set_client = @saved_cs_client */;

--
-- Dumping data for table `points`
--

LOCK TABLES `points` WRITE;
/*!40000 ALTER TABLE `points` DISABLE KEYS */;
INSERT INTO `points` VALUES (1,'Cong vao DHQG',2,21.03678520,105.78208040),(2,'',0,21.03686700,105.78208360),(3,'',0,21.03713040,105.78209410),(4,'',0,21.03770360,105.78209950),(5,'',0,21.03688090,105.78179560),(6,'',0,21.03719820,105.78144230),(7,'',0,21.03715040,105.78185800),(8,'',0,21.03737740,105.78162570),(9,'',0,21.03770620,105.78198140),(10,'',0,21.03743350,105.78120910),(11,'',0,21.03758510,105.78123140),(12,'',0,21.03773050,105.78132720),(13,'',0,21.03795500,105.78135850),(14,'',0,21.03804050,105.78150760),(15,'',0,21.03798660,105.78176150),(16,'',0,21.03836390,105.78115280),(17,'',0,21.03836140,105.78136620),(18,'',0,21.03835650,105.78177480),(19,'',0,21.03834930,105.78233250),(20,'',0,21.03854680,105.78256080),(21,'',0,21.03853520,105.78301910),(22,'',0,21.03826800,105.78301640),(23,'',0,21.03804510,105.78300970),(24,'',0,21.03791910,105.78300870),(25,'',0,21.03768210,105.78299530),(26,'',0,21.03769740,105.78232600),(27,'',0,21.03806410,105.78233600),(28,'',0,21.03805320,105.78270690),(29,'',0,21.03853730,105.78338150),(30,'',0,21.03852970,105.78379200),(31,'',0,21.03825330,105.78378380),(32,'',0,21.03789640,105.78377390),(33,'',0,21.03764890,105.78376790),(34,'',0,21.03826150,105.78335490),(35,'',0,21.03910610,105.78259090),(36,'',0,21.03948110,105.78261110),(37,'',0,21.03958210,105.78263680),(38,'',0,21.03958910,105.78254110),(39,'',0,21.03959410,105.78242540),(40,'',0,21.03962020,105.78141710),(41,'',0,21.03968380,105.78130970),(42,'Cong DHNN',2,21.03969400,105.78121560),(43,'',0,21.03971580,105.78141700),(44,'',0,21.03970390,105.78184110),(45,'',0,21.03969080,105.78242850),(46,'',0,21.03967930,105.78253300),(47,'',0,21.03963050,105.78265180),(48,'',0,21.03967140,105.78265330),(49,'',0,21.04052430,105.78268460),(50,'Cong KTX NN',2,21.04052450,105.78259190),(51,'',0,21.04053930,105.78179930),(52,'',0,21.04065630,105.78269400),(53,'',0,21.04088170,105.78271100),(54,'',0,21.03947210,105.78299260),(55,'',0,21.03862480,105.78338400),(56,'',0,21.03883230,105.78339000),(57,'',0,21.03996260,105.78342300),(58,'',0,21.04046190,105.78344190),(59,'Cong',2,21.04056270,105.78403960),(60,'',0,21.04074020,105.78404320),(61,'',0,21.04085690,105.78404560),(62,'',0,21.04116940,105.78405200),(63,'',0,21.04110170,105.78533240),(64,'',0,21.04081120,105.78532280),(65,'',0,21.04081640,105.78510580),(66,'',0,21.04082830,105.78473170),(67,'',0,21.04038900,105.78529710),(68,'',0,21.03848050,105.78521500),(69,'',0,21.03849080,105.78491820),(70,'',0,21.03850660,105.78445940),(71,'Cong Chua Thanh Chua',2,21.03861760,105.78381580),(72,'',0,21.03760070,105.78518980),(73,'',0,21.03761080,105.78489100),(74,'',0,21.03762320,105.78452510),(75,'',0,21.03762620,105.78443780),(76,'',0,21.03800500,105.78444710),(77,'',0,21.03734310,105.78376260),(78,'',0,21.03698650,105.78374730),(79,'',0,21.03699600,105.78333250),(80,'',0,21.03701720,105.78297150),(81,'',0,21.03703990,105.78245120),(82,'',0,21.03737070,105.78298460),(83,'',0,21.03735720,105.78334120),(84,'',0,21.03712170,105.78333540),(85,'Cong ĐHSP',2,21.03683990,105.78332790),(86,'',0,21.03693880,105.78517520),(87,'',0,21.03696140,105.78449820),(88,'Cong phu DHSP',2,21.03664220,105.78516740),(89,'',0,21.04108930,105.78566510),(90,'',0,21.04107920,105.78596010),(91,'',0,21.04042310,105.78442860),(92,'',0,21.03803720,105.78377780),(93,'',0,21.03790860,105.78336170),(94,'G4',1,21.03701040,105.78233440),(95,'Sunwah',1,21.03732530,105.78229620),(96,'',0,21.03745500,105.78209450),(97,'B2',1,21.03758380,105.78225490),(98,'B1 CPS',1,21.03731760,105.78281530),(99,'B4',1,21.03684230,105.78264670),(100,'D1',1,21.03744100,105.78156800),(101,'D2',1,21.03759100,105.78175300),(102,'G6',1,21.03760030,105.78117760),(103,'G5',1,21.03783200,105.78146390),(104,'B1',1,21.03806730,105.78123020),(105,'G8',1,21.03826900,105.78148490),(106,'G3',1,21.03810700,105.78222500),(107,'',0,21.03754180,105.78180350),(108,'E1',1,21.03789510,105.78261910),(109,'E2',1,21.03808960,105.78254070),(110,'E3',1,21.03820900,105.78270800),(111,'E4',1,21.03802190,105.78289020),(112,'E5',1,21.03841510,105.78277060),(113,'',0,21.03841830,105.78301790),(114,'Nha Hieu Bo',1,21.03746180,105.78336140),(115,'G2',1,21.03791600,105.78336200),(116,'C1T',1,21.03828900,105.78336000),(117,'C1',1,21.03930170,105.78166680),(118,'C2',1,21.03867420,105.78158800),(119,'C3',1,21.03892530,105.78200600),(120,'C4',1,21.03866400,105.78221680),(121,'C5',1,21.03923280,105.78218480),(122,'C6',1,21.03898370,105.78138320),(123,'K',1,21.03884250,105.78298020),(124,'A1',1,21.03972150,105.78323360),(125,'A2',1,21.03931840,105.78315510),(126,'A3',1,21.03916830,105.78277470),(127,'A4',1,21.03972680,105.78283570),(128,'A5',1,21.03982990,105.78301830),(129,'A6',1,21.04020340,105.78304630),(130,'GĐ2',1,21.04065000,105.78283100),(131,'A7',1,21.03995870,105.78158010),(132,'14A',1,21.04067890,105.78222860),(133,'14B',1,21.04034230,105.78219860),(134,'14C',1,21.04061770,105.78149500),(135,'Y1',1,21.04028740,105.78161760),(136,'',0,21.04024540,105.78267440),(137,'Nha the chat DHSP',1,21.03868280,105.78463650),(138,'Chua Thanh Chua',1,21.03909980,105.78396570),(139,'Thu vien DHSP',1,21.04021230,105.78370250),(140,'San bong DHSP',1,21.03960300,105.78477740),(141,'Tieu hoc NTT',1,21.03868880,105.78502960),(142,'THPT CSP',1,21.03802460,105.78405670),(143,'THPT NTT',1,21.03724660,105.78479080),(144,'',0,21.03996090,105.78395610),(145,'',0,21.04044080,105.78397890),(146,'B3',1,21.03841530,105.78196240),(147,'G7',1,21.03842130,105.78138090);
/*!40000 ALTER TABLE `points` ENABLE KEYS */;
UNLOCK TABLES;

--
-- Table structure for table `sinhvien`
--

DROP TABLE IF EXISTS `sinhvien`;
/*!40101 SET @saved_cs_client     = @@character_set_client */;
/*!50503 SET character_set_client = utf8mb4 */;
CREATE TABLE `sinhvien` (
  `MSV` int NOT NULL,
  `Tên` varchar(45) CHARACTER SET utf8mb3 COLLATE utf8mb3_unicode_ci NOT NULL,
  `Ngày_sinh` datetime DEFAULT NULL,
  `Lớp_khóa_học` varchar(45) CHARACTER SET utf8mb3 COLLATE utf8mb3_unicode_ci DEFAULT NULL,
  `Giới_tính` varchar(3) CHARACTER SET utf8mb3 COLLATE utf8mb3_unicode_ci DEFAULT NULL,
  `Nơi_sinh` varchar(45) CHARACTER SET utf8mb3 COLLATE utf8mb3_unicode_ci DEFAULT NULL,
  PRIMARY KEY (`MSV`)
) ENGINE=InnoDB DEFAULT CHARSET=utf8mb3 COLLATE=utf8mb3_unicode_ci;
/*!40101 SET character_set_client = @saved_cs_client */;

--
-- Dumping data for table `sinhvien`
--

LOCK TABLES `sinhvien` WRITE;
/*!40000 ALTER TABLE `sinhvien` DISABLE KEYS */;
INSERT INTO `sinhvien` VALUES (21020021,'Nguyễn Việt Anh Khoa','2003-02-10 00:00:00','QH-2021-I/CQ-J','Nam','Hà Nội'),(21020537,'Lê Thanh Bình','2003-02-06 00:00:00','QH-2021-I/CQ-J','Nam','Hà Nội'),(21020552,'Mai Tú Phương','2003-02-10 00:00:00','QH-2021-I/CQ-J','Nữ','Hà Nội');
/*!40000 ALTER TABLE `sinhvien` ENABLE KEYS */;
UNLOCK TABLES;

--
-- Table structure for table `toanha`
--

DROP TABLE IF EXISTS `toanha`;
/*!40101 SET @saved_cs_client     = @@character_set_client */;
/*!50503 SET character_set_client = utf8mb4 */;
CREATE TABLE `toanha` (
  `Mã_tòa_nhà` varchar(11) NOT NULL,
  `Thông_tin` varchar(104) DEFAULT NULL,
  PRIMARY KEY (`Mã_tòa_nhà`)
) ENGINE=InnoDB DEFAULT CHARSET=utf8mb3;
/*!40101 SET character_set_client = @saved_cs_client */;

--
-- Dumping data for table `toanha`
--

LOCK TABLES `toanha` WRITE;
/*!40000 ALTER TABLE `toanha` DISABLE KEYS */;
INSERT INTO `toanha` VALUES ('14A','Ký túc xá sinh viên.'),('14B','Ký túc xá sinh viên.'),('14C','Ký túc xá sinh viên.'),('A1','Nhà hiệu bộ ĐH Ngoại Ngữ.'),('A2','Giảng đường ĐH Ngoại Ngữ.'),('A3','Khoa sau đại học - ĐH Ngoại Ngữ.'),('A4','Khoa phương Đông, phương Tây ĐH Ngoại Ngữ.'),('A5','Nhà khách ĐH Ngoại Ngữ.'),('A6','Trường THPT Chuyên Ngoại Ngữ.'),('A7','Nhà đa năng.'),('B1','Khoa quản trị kinh doanh.'),('B2','Giảng đường.'),('B3','Giảng đường.'),('B4','Trung tâm hỗ trợ sinh viên.'),('C1','Giảng đường.'),('C1T','TT thông tin thư viện, VKCO. <br>VNU MEDIA, TT giáo dục thể chất. <br>TT hợp tác & chuyển giao tri thức.'),('C2','Giảng đường.'),('C3','Giảng đường.'),('C4','Văn phòng khoa Pháp - ĐH Ngoại Ngữ.'),('C5','TT Công nghệ thông tin ĐH Ngoại Ngữ.'),('C6','Hội trường Vũ Đình Liên.'),('D1','Hội trường Nguyễn Văn Đạo. <br>Hội trường 10-12. <br>TTNC biển đảo. <br>TTNC biến đổi toàn cầu.'),('D2','Nhà điều hành ĐHQGHN.'),('E1','Khoa Luật.'),('E2','Viện vi sinh vật & công nghệ sinh học trường ĐH Công Nghệ & viện công nghệ thông tin.'),('E3','Viện vi sinh vật & công nghệ sinh học trường ĐH Công Nghệ & viện công nghệ thông tin.'),('E4','Trường ĐH Kinh Tế.'),('E5','Giảng đường.'),('G2','Giảng đường.'),('G3','Giảng đường.'),('G4','Nhà xuất bản, nhà in. <br>TT nghiên cứu về phụ nữ. <br>TT hỗ trợ đào tạo & phát triển đô thị đại học.'),('G5','Giảng đường. <br>TT phát triển ĐHQGHN.'),('G6','Giảng đường.'),('G7','Khoa sau đại học, ĐH giáo dục, TT đào tạo & bồi dưỡng giảng viên lý luận chính trị.'),('G8','Khoa Quốc Tế. <br>TT phát triển hệ thống.'),('GĐ2','Giảng đường 2. <br>Nhà ăn sinh viên.'),('Y1','ĐH Y Dược.');
/*!40000 ALTER TABLE `toanha` ENABLE KEYS */;
UNLOCK TABLES;
/*!40103 SET TIME_ZONE=@OLD_TIME_ZONE */;

/*!40101 SET SQL_MODE=@OLD_SQL_MODE */;
/*!40014 SET FOREIGN_KEY_CHECKS=@OLD_FOREIGN_KEY_CHECKS */;
/*!40014 SET UNIQUE_CHECKS=@OLD_UNIQUE_CHECKS */;
/*!40101 SET CHARACTER_SET_CLIENT=@OLD_CHARACTER_SET_CLIENT */;
/*!40101 SET CHARACTER_SET_RESULTS=@OLD_CHARACTER_SET_RESULTS */;
/*!40101 SET COLLATION_CONNECTION=@OLD_COLLATION_CONNECTION */;
/*!40111 SET SQL_NOTES=@OLD_SQL_NOTES */;

-- Dump completed on 2022-10-30 12:20:35
