CREATE DATABASE  IF NOT EXISTS `vnu_route` /*!40100 DEFAULT CHARACTER SET utf8mb3 */ /*!80016 DEFAULT ENCRYPTION='N' */;
USE `vnu_route`;
-- MySQL dump 10.13  Distrib 8.0.30, for Win64 (x86_64)
--
-- Host: localhost    Database: vnu_route
-- ------------------------------------------------------
-- Server version	8.0.30

/*!40101 SET @OLD_CHARACTER_SET_CLIENT=@@CHARACTER_SET_CLIENT */;
/*!40101 SET @OLD_CHARACTER_SET_RESULTS=@@CHARACTER_SET_RESULTS */;
/*!40101 SET @OLD_COLLATION_CONNECTION=@@COLLATION_CONNECTION */;
/*!50503 SET NAMES utf8 */;
/*!40103 SET @OLD_TIME_ZONE=@@TIME_ZONE */;
/*!40103 SET TIME_ZONE='+00:00' */;
/*!40014 SET @OLD_UNIQUE_CHECKS=@@UNIQUE_CHECKS, UNIQUE_CHECKS=0 */;
/*!40014 SET @OLD_FOREIGN_KEY_CHECKS=@@FOREIGN_KEY_CHECKS, FOREIGN_KEY_CHECKS=0 */;
/*!40101 SET @OLD_SQL_MODE=@@SQL_MODE, SQL_MODE='NO_AUTO_VALUE_ON_ZERO' */;
/*!40111 SET @OLD_SQL_NOTES=@@SQL_NOTES, SQL_NOTES=0 */;

--
-- Table structure for table `dijkstra`
--

DROP TABLE IF EXISTS `dijkstra`;
/*!40101 SET @saved_cs_client     = @@character_set_client */;
/*!50503 SET character_set_client = utf8mb4 */;
CREATE TABLE `dijkstra` (
  `id1` int NOT NULL,
  `id2` int NOT NULL,
  `minDistance` int NOT NULL,
  `trackingID` int NOT NULL,
  PRIMARY KEY (`id1`,`id2`),
  KEY `fk_dijkstra_points2_idx` (`id2`),
  KEY `fk_dijkstra_points3_idx` (`trackingID`),
  CONSTRAINT `fk_dijkstra_points1` FOREIGN KEY (`id1`) REFERENCES `points` (`id`) ON DELETE RESTRICT ON UPDATE CASCADE,
  CONSTRAINT `fk_dijkstra_points2` FOREIGN KEY (`id2`) REFERENCES `points` (`id`) ON DELETE RESTRICT ON UPDATE CASCADE,
  CONSTRAINT `fk_dijkstra_points3` FOREIGN KEY (`trackingID`) REFERENCES `points` (`id`) ON DELETE RESTRICT ON UPDATE CASCADE
) ENGINE=InnoDB DEFAULT CHARSET=utf8mb3;
/*!40101 SET character_set_client = @saved_cs_client */;

--
-- Dumping data for table `dijkstra`
--

LOCK TABLES `dijkstra` WRITE;
/*!40000 ALTER TABLE `dijkstra` DISABLE KEYS */;
INSERT INTO `dijkstra` VALUES (1,2,800,1),(1,3,800,6),(1,4,1000,2),(1,5,1000,3),(1,6,450,1),(1,7,800,6),(1,8,900,7),(1,9,1060,8),(1,10,1120,15),(1,11,1100,7),(1,14,720,18),(1,15,900,14),(1,18,610,6),(1,19,660,18),(1,20,1050,8),(1,25,760,18),(2,1,800,2),(2,3,180,2),(2,4,200,2),(2,5,380,4),(2,6,530,3),(2,7,880,6),(2,8,980,7),(2,10,1100,15),(2,14,700,5),(2,15,880,14),(2,18,690,6),(2,19,740,18),(2,25,840,18),(3,1,800,6),(3,2,180,3),(3,4,380,5),(3,5,200,3),(3,6,350,3),(3,7,700,6),(3,8,800,7),(3,9,960,8),(3,10,920,15),(3,14,520,5),(3,15,700,14),(3,18,510,6),(3,19,560,18),(3,20,950,8),(3,25,660,18),(4,1,1000,2),(4,2,200,4),(4,3,380,5),(4,5,180,4),(4,6,730,3),(4,7,1080,6),(4,8,1010,25),(4,9,1020,21),(4,10,900,15),(4,12,1320,22),(4,13,1200,10),(4,14,500,5),(4,15,680,14),(4,16,1200,15),(4,18,610,14),(4,19,660,18),(4,20,1160,8),(4,21,940,10),(4,22,1170,9),(4,25,760,18),(5,1,1000,6),(5,2,380,4),(5,3,200,5),(5,4,180,5),(5,6,550,3),(5,7,900,6),(5,8,830,25),(5,9,840,21),(5,10,720,15),(5,12,1140,22),(5,13,1020,10),(5,14,320,5),(5,15,500,14),(5,16,1020,15),(5,18,430,14),(5,19,480,18),(5,20,980,8),(5,21,760,10),(5,22,990,9),(5,25,580,18),(6,1,450,6),(6,2,530,3),(6,3,350,6),(6,4,730,5),(6,5,550,3),(6,7,350,6),(6,8,450,7),(6,9,610,8),(6,10,670,15),(6,11,650,7),(6,14,270,18),(6,15,450,14),(6,18,160,6),(6,19,210,18),(6,20,600,8),(6,25,310,18),(7,1,800,6),(7,2,880,3),(7,3,700,6),(7,4,1080,5),(7,5,900,3),(7,6,350,7),(7,8,100,7),(7,9,260,8),(7,11,300,7),(7,20,250,8),(8,1,900,6),(8,2,980,3),(8,3,800,6),(8,4,1010,5),(8,5,830,14),(8,6,450,7),(8,7,100,8),(8,9,160,8),(8,14,510,18),(8,18,400,25),(8,20,150,8),(8,25,250,8),(9,1,1060,6),(9,3,960,6),(9,4,1020,5),(9,5,840,14),(9,6,610,7),(9,7,260,8),(9,8,160,9),(9,10,120,21),(9,12,300,22),(9,14,520,15),(9,15,340,10),(9,21,80,9),(9,22,150,9),(10,1,1120,6),(10,2,1100,4),(10,3,920,5),(10,4,900,5),(10,5,720,14),(10,6,670,18),(10,9,120,21),(10,12,420,22),(10,13,300,10),(10,14,400,15),(10,15,220,10),(10,18,510,14),(10,21,40,10),(10,22,270,9),(11,1,1100,6),(11,6,650,7),(11,7,300,11),(11,12,300,11),(12,4,1320,5),(12,5,1140,14),(12,9,300,22),(12,10,420,21),(12,11,300,12),(12,13,120,12),(12,14,820,15),(12,15,640,10),(12,21,380,9),(12,22,150,12),(13,4,1200,5),(13,5,1020,14),(13,10,300,13),(13,12,120,13),(13,14,700,15),(13,15,520,10),(14,1,720,6),(14,2,700,4),(14,3,520,5),(14,4,500,5),(14,5,320,14),(14,6,270,18),(14,8,510,25),(14,9,520,21),(14,10,400,15),(14,12,820,22),(14,13,700,10),(14,15,180,14),(14,16,700,15),(14,18,110,14),(14,19,160,18),(14,20,660,8),(14,21,440,10),(14,22,670,9),(14,25,260,18),(15,1,900,6),(15,2,880,4),(15,3,700,5),(15,4,680,5),(15,5,500,14),(15,6,450,18),(15,9,340,21),(15,10,220,15),(15,12,640,22),(15,13,520,10),(15,14,180,15),(15,16,520,15),(15,18,290,14),(15,21,260,10),(15,22,490,9),(16,4,1200,5),(16,5,1020,14),(16,14,700,15),(16,15,520,16),(16,17,500,16),(16,23,550,16),(17,16,500,17),(17,24,150,17),(18,1,610,6),(18,2,690,3),(18,3,510,6),(18,4,610,5),(18,5,430,14),(18,6,160,18),(18,8,400,25),(18,10,510,15),(18,14,110,18),(18,15,290,14),(18,19,50,18),(18,20,550,8),(18,25,150,18),(19,1,660,6),(19,2,740,3),(19,3,560,6),(19,4,660,5),(19,5,480,14),(19,6,210,18),(19,14,160,18),(19,18,50,19),(20,1,1050,6),(20,3,950,6),(20,4,1160,5),(20,5,980,14),(20,6,600,7),(20,7,250,8),(20,8,150,20),(20,14,660,18),(20,18,550,25),(20,25,400,8),(21,4,940,5),(21,5,760,14),(21,9,80,21),(21,10,40,21),(21,12,380,22),(21,14,440,15),(21,15,260,10),(21,22,230,9),(22,4,1170,5),(22,5,990,14),(22,9,150,22),(22,10,270,21),(22,12,150,22),(22,14,670,15),(22,15,490,10),(22,21,230,9),(23,16,550,23),(24,17,150,24),(25,1,760,6),(25,2,840,3),(25,3,660,6),(25,4,760,5),(25,5,580,14),(25,6,310,18),(25,8,250,25),(25,14,260,18),(25,18,150,25),(25,20,400,8);
/*!40000 ALTER TABLE `dijkstra` ENABLE KEYS */;
UNLOCK TABLES;

--
-- Table structure for table `distance`
--

DROP TABLE IF EXISTS `distance`;
/*!40101 SET @saved_cs_client     = @@character_set_client */;
/*!50503 SET character_set_client = utf8mb4 */;
CREATE TABLE `distance` (
  `id1` int NOT NULL,
  `id2` int NOT NULL,
  `distance` double NOT NULL,
  PRIMARY KEY (`id1`,`id2`),
  KEY `fk_distance_points2_idx` (`id2`),
  CONSTRAINT `fk_distance_points1` FOREIGN KEY (`id1`) REFERENCES `points` (`id`) ON DELETE RESTRICT ON UPDATE CASCADE,
  CONSTRAINT `fk_distance_points2` FOREIGN KEY (`id2`) REFERENCES `points` (`id`) ON DELETE RESTRICT ON UPDATE CASCADE
) ENGINE=InnoDB DEFAULT CHARSET=utf8mb3;
/*!40101 SET character_set_client = @saved_cs_client */;

--
-- Dumping data for table `distance`
--

LOCK TABLES `distance` WRITE;
/*!40000 ALTER TABLE `distance` DISABLE KEYS */;
INSERT INTO `distance` VALUES (1,94,14.67),(2,353,14.55),(3,4,20),(3,235,14.63),(3,353,21.96),(5,242,19.91),(6,231,9.6),(7,354,8.3),(8,381,2.4),(9,386,4.4),(10,11,44.52),(10,293,30.75),(10,351,24.04),(11,12,35.14),(11,30,3.321),(12,250,24.8),(12,355,16.71),(13,386,7.85),(14,384,17.32),(14,387,3.124),(15,248,12.5),(16,249,18),(17,244,17.36),(18,249,17),(19,249,17.51),(20,237,27.53),(20,351,15.66),(20,352,10000),(21,250,14.01),(21,295,26.39),(21,352,36.65),(22,249,10),(23,24,10.92),(23,299,12.52),(24,25,60.98),(25,26,44.03),(25,45,15),(26,220,11.69),(27,355,6.375),(28,71,4.58),(29,352,1.746),(31,82,100),(32,82,120),(33,82,50),(34,82,53.5),(35,82,46.18),(36,82,120),(37,55,21.15),(38,357,30),(39,357,24.05),(40,82,12.18),(41,299,13.75),(41,357,26.23),(42,357,35.28),(43,356,15.61),(44,297,14.91),(46,301,43.18),(47,301,41.84),(48,210,33.68),(49,210,23.21),(50,71,43.76),(50,237,34.01),(50,245,39.68),(51,332,15.46),(52,292,17.66),(53,199,22.76),(54,350,10.53),(55,81,47.58),(55,290,37.61),(55,355,13),(56,333,16.89),(56,351,5.171),(57,330,42.03),(58,61,1),(58,98,57.89),(58,385,41.15),(58,387,42.41),(59,335,6.56),(60,387,22.15),(62,387,15.94),(71,80,40.44),(71,294,37.04),(80,244,13.98),(81,82,62.27),(81,98,32.31),(82,358,41.75),(89,378,9.102),(92,94,24.6),(92,231,34.91),(94,353,36.09),(94,378,29.31),(98,248,31.71),(197,198,23.08),(197,290,9.733),(198,199,125.7),(199,303,55.55),(199,359,55.33),(210,301,82.27),(216,217,104.7),(216,220,13.2),(217,218,12.02),(218,219,9.962),(219,300,5.602),(219,358,11.54),(220,221,9.832),(231,354,25.98),(231,379,27.56),(233,234,12.26),(233,354,25.98),(233,385,38.64),(234,235,23.52),(234,353,27.65),(235,295,69.48),(237,295,80.27),(237,334,69.57),(242,243,54.06),(243,244,37.54),(243,294,39.33),(244,245,43.06),(245,331,77.98),(248,235,40.79),(248,249,38.51),(249,250,31.44),(257,264,19.74),(261,265,34.75),(261,342,133.1),(264,265,12.98),(290,293,42.61),(292,293,10.08),(293,332,69.31),(294,295,34.64),(296,297,25.13),(297,302,14.71),(299,300,4.551),(299,356,63.86),(301,302,9.621),(302,356,31.03),(303,360,55.78),(304,326,212.4),(304,339,47.02),(304,350,90.21),(326,327,97.86),(326,335,30.82),(327,328,73.62),(327,336,31.03),(328,329,32.99),(328,331,70.31),(330,331,73.64),(330,334,9.066),(330,336,38),(332,333,55.79),(332,335,47.65),(333,334,42.13),(333,351,69.55),(335,336,97.89),(337,338,38.85),(338,339,22.53),(339,342,32.32),(342,343,34.56),(343,344,30.64),(350,360,46.71),(357,358,39.61),(359,360,53.41),(377,378,29.93),(377,379,50.89),(379,380,35.64),(380,381,17.02),(381,382,18.98),(382,386,25.17),(384,385,27.02),(384,386,18.16),(386,387,45.2);
/*!40000 ALTER TABLE `distance` ENABLE KEYS */;
UNLOCK TABLES;

--
-- Table structure for table `points`
--

DROP TABLE IF EXISTS `points`;
/*!40101 SET @saved_cs_client     = @@character_set_client */;
/*!50503 SET character_set_client = utf8mb4 */;
CREATE TABLE `points` (
  `id` int NOT NULL,
  `name` text,
  `main` int NOT NULL,
  `posY` double NOT NULL,
  `posX` double NOT NULL,
  PRIMARY KEY (`id`)
) ENGINE=InnoDB DEFAULT CHARSET=utf8mb3;
/*!40101 SET character_set_client = @saved_cs_client */;

--
-- Dumping data for table `points`
--

LOCK TABLES `points` WRITE;
/*!40000 ALTER TABLE `points` DISABLE KEYS */;
INSERT INTO `points` VALUES (1,'G4',1,21.0370104,105.7823344),(2,'Sunwah',1,21.0373253,105.7822962),(3,'B2',1,21.0375838,105.7822549),(4,'B1',1,21.0373176,105.7828153),(5,'B4',1,21.0368423,105.7826467),(6,'D1',1,21.0375081,105.781433),(7,'D2',1,21.0376801,105.7816499),(8,'G6',1,21.0376003,105.7811776),(9,'G5',1,21.037832,105.7814639),(10,'',0,21.0382533,105.7837838),(11,'',0,21.0382615,105.7833549),(12,'',0,21.038268,105.7830164),(13,'B1 (DHNN)',1,21.0380673,105.7812302),(14,'G8',1,21.038269,105.7814849),(15,'G3',1,21.0381096,105.7820727),(16,'E1',1,21.0378951,105.7826191),(17,'Cong DHSP',1,21.0368399,105.7833279),(18,'E2',1,21.0380896,105.7825407),(19,'E3',1,21.0382744,105.7826841),(20,'',0,21.0378964,105.7837739),(21,'',0,21.0379191,105.7830087),(22,'E4',1,21.0380219,105.7828902),(23,'',0,21.0396793,105.782533),(24,'',0,21.0396908,105.7824285),(25,'',0,21.0397039,105.7818411),(26,'',0,21.0397158,105.781417),(27,'E5',1,21.0384151,105.7827706),(28,'Nha Hieu Bo',1,21.0374618,105.7833614),(29,'G2',1,21.038074,105.783369),(30,'C1T (Thu vien)',1,21.0383797,105.7833455),(31,'C1',1,21.0393017,105.7816668),(32,'C2',1,21.0386742,105.781588),(33,'C3',1,21.0389253,105.782006),(34,'C4',1,21.038664,105.7822168),(35,'C5',1,21.0392328,105.7821848),(36,'C6',1,21.0389837,105.7813832),(37,'K',1,21.0388425,105.7829802),(38,'A1',1,21.0397215,105.7832336),(39,'A2',1,21.0393184,105.7831551),(40,'A3',1,21.0391683,105.7827747),(41,'A4',1,21.0397268,105.7828357),(42,'A5',1,21.0398299,105.7830183),(43,'A6 (CNN)',1,21.0402034,105.7830463),(44,'GD2 (Nha an SV)',1,21.0406959,105.7830186),(45,'A7 (Nha da nang)',1,21.0399587,105.7815801),(46,'14A',1,21.0406789,105.7822286),(47,'14B',1,21.0403423,105.7821986),(48,'14C',1,21.0406177,105.781495),(49,'Y1',1,21.0402874,105.7816176),(50,'',0,21.0373431,105.7837626),(51,'Nha the chat DHSP',1,21.0386828,105.7846365),(52,'Chua Thanh Chua',1,21.0390998,105.7839657),(53,'Thu vien DHSP',1,21.0402123,105.7837025),(54,'San bong DHSP',1,21.039603,105.7847774),(55,'',0,21.0385352,105.7830191),(56,'THPT CSP',1,21.0380246,105.7840567),(57,'THPT NTT',1,21.0372466,105.7847908),(58,'',0,21.0383565,105.7817748),(59,'Tieu hoc NTT',1,21.0386888,105.7850296),(60,'',0,21.0383639,105.7811528),(61,'B3',1,21.0384153,105.7819624),(62,'G7',1,21.0384213,105.7813809),(71,'',0,21.0373572,105.7833412),(80,'',0,21.0371217,105.7833354),(81,'',0,21.0385468,105.7825608),(82,'',0,21.0391061,105.7825909),(89,'Cong vao DHQG',1,21.0367852,105.7820804),(92,'',0,21.0371504,105.781858),(94,'',0,21.0371304,105.7820941),(98,'',0,21.0383493,105.7823325),(197,'',0,21.0386248,105.783384),(198,'',0,21.0388323,105.78339),(199,'',0,21.0399626,105.783423),(210,'',0,21.0405393,105.7817993),(216,'',0,21.0396202,105.7814171),(217,'',0,21.0395941,105.7824254),(218,'',0,21.0395891,105.7825411),(219,'',0,21.0395821,105.7826368),(220,'',0,21.0396838,105.7813097),(221,'Cong DHNN',1,21.039694,105.7812156),(231,'',0,21.0373774,105.7816257),(233,'',0,21.0377062,105.7819814),(234,'',0,21.0377036,105.7820995),(235,'',0,21.0376974,105.782326),(237,'',0,21.0376489,105.7837679),(242,'',0,21.0370399,105.7824512),(243,'',0,21.0370172,105.7829715),(244,'',0,21.036996,105.7833325),(245,'',0,21.0369865,105.7837473),(248,'',0,21.0380641,105.782336),(249,'',0,21.0380532,105.7827069),(250,'',0,21.0380451,105.7830097),(257,'Cong',1,21.0405627,105.7840396),(261,'',0,21.0411694,105.784052),(264,'',0,21.0407402,105.7840432),(265,'',0,21.0408569,105.7840456),(290,'',0,21.0385373,105.7833815),(292,'Cong Chua Thanh Chua',1,21.0386176,105.7838158),(293,'',0,21.0385297,105.783792),(294,'',0,21.0373707,105.7829846),(295,'',0,21.0376821,105.7829953),(296,'',0,21.0408817,105.782711),(297,'',0,21.0406563,105.782694),(299,'',0,21.0396714,105.7826533),(300,'',0,21.0396305,105.7826518),(301,'Cong KTX NN',1,21.0405245,105.7825919),(302,'',0,21.0405243,105.7826846),(303,'',0,21.0404619,105.7834419),(304,'',0,21.040389,105.7852971),(326,'',0,21.0384805,105.785215),(327,'',0,21.0376007,105.7851898),(328,'',0,21.0369388,105.7851752),(329,'Cong phu DHSP',1,21.0366422,105.7851674),(330,'',0,21.0376232,105.7845251),(331,'',0,21.0369614,105.7844982),(332,'',0,21.0385066,105.7844594),(333,'',0,21.038005,105.7844471),(334,'',0,21.0376262,105.7844378),(335,'',0,21.0384908,105.7849182),(336,'',0,21.0376108,105.784891),(337,'',0,21.0408283,105.7847317),(338,'',0,21.0408164,105.7851058),(339,'',0,21.0408112,105.7853228),(342,'',0,21.0411017,105.7853324),(343,'',0,21.0410893,105.7856651),(344,'',0,21.0410792,105.7859601),(350,'',0,21.0404231,105.7844286),(351,'',0,21.0380372,105.7837778),(352,'',0,21.0379086,105.7833617),(353,'',0,21.037455,105.7820945),(354,'',0,21.0375418,105.7818035),(355,'',0,21.0384183,105.7830179),(356,'',0,21.0402454,105.7826744),(357,'',0,21.0394721,105.7829926),(358,'',0,21.0394811,105.7826111),(359,'',0,21.0399609,105.7839561),(360,'',0,21.0404408,105.7839789),(377,'',0,21.0368809,105.7817956),(378,'',0,21.036867,105.7820836),(379,'',0,21.0371982,105.7814423),(380,'',0,21.0374335,105.7812091),(381,'',0,21.0375851,105.7812314),(382,'',0,21.0377305,105.7813272),(384,'',0,21.0380405,105.7815076),(385,'',0,21.0379866,105.7817615),(386,'',0,21.037955,105.7813585),(387,'',0,21.0383614,105.7813662);
/*!40000 ALTER TABLE `points` ENABLE KEYS */;
UNLOCK TABLES;
/*!40103 SET TIME_ZONE=@OLD_TIME_ZONE */;

/*!40101 SET SQL_MODE=@OLD_SQL_MODE */;
/*!40014 SET FOREIGN_KEY_CHECKS=@OLD_FOREIGN_KEY_CHECKS */;
/*!40014 SET UNIQUE_CHECKS=@OLD_UNIQUE_CHECKS */;
/*!40101 SET CHARACTER_SET_CLIENT=@OLD_CHARACTER_SET_CLIENT */;
/*!40101 SET CHARACTER_SET_RESULTS=@OLD_CHARACTER_SET_RESULTS */;
/*!40101 SET COLLATION_CONNECTION=@OLD_COLLATION_CONNECTION */;
/*!40111 SET SQL_NOTES=@OLD_SQL_NOTES */;

-- Dump completed on 2022-10-29 22:35:42
